日期,年份,月份,渠道,ISBN,销量,营收
2025-01-01,2025,1,线上电商,9781043321819,318,15374.66
2025-01-01,2025,1,线上电商,9783890838637,167,9023.76
2025-01-01,2025,1,线上电商,9786542351161,261,12059.77
2025-01-01,2025,1,线上电商,9780781618495,138,7400.46
2025-01-01,2025,1,线上电商,9783413164752,117,5450.85
2025-01-01,2025,1,线上电商,9781928327648,198,8209.67
2025-01-01,2025,1,线上电商,9780564139537,156,7403.06
2025-01-01,2025,1,线上电商,9782388496965,60,2487.27
2025-01-01,2025,1,线上电商,9780122691669,123,8347.27
2025-01-01,2025,1,线上电商,9781845146270,210,13949.77
2025-01-01,2025,1,线上电商,9781489325288,187,13787.32
2025-01-01,2025,1,线上电商,9781543039117,156,10958.06
2025-01-01,2025,1,线上电商,9787824896383,236,15751.11
2025-01-01,2025,1,线上电商,9788713315098,49,2465.68
2025-01-01,2025,1,线上电商,9780310518347,284,14138.8
2025-01-01,2025,1,线上电商,9787631165667,114,8192.89
2025-01-01,2025,1,线上电商,9786513338726,138,6725.98
2025-01-01,2025,1,线上电商,9781781080132,36,2027.56
2025-01-01,2025,1,线上电商,9786026064746,267,17670.33
2025-01-01,2025,1,线上电商,9784309805009,181,10626.42
2025-01-01,2025,1,线上电商,9788121913619,145,9841.51
2025-01-01,2025,1,线上电商,9789985435346,34,2174.44
2025-01-01,2025,1,线上电商,9781079911838,126,8633.33
2025-01-01,2025,1,线上电商,9783542784980,187,15372.05
2025-01-01,2025,1,线上电商,9782411824493,54,4530.33
2025-01-01,2025,1,线上电商,9787401640052,66,5356.43
2025-01-01,2025,1,线上电商,9787868011280,101,8875.17
2025-01-01,2025,1,线上电商,9780450533158,103,9225.14
2025-01-01,2025,1,线上电商,9783226025634,40,2596.58
2025-01-01,2025,1,线上电商,9780733754330,117,9586.98
2025-01-01,2025,1,线上电商,9781458685014,254,8018.53
2025-01-01,2025,1,线上电商,9789655698169,109,3483.64
2025-01-01,2025,1,线上电商,9788835615951,306,15291.28
2025-01-01,2025,1,线上电商,9786564823662,254,11792.46
2025-01-01,2025,1,线上电商,9780443699577,77,3121.31
2025-01-01,2025,1,线上电商,9782148951343,264,13971.14
2025-01-01,2025,1,线上电商,9783791769367,61,2384.58
2025-01-01,2025,1,线上电商,9781632870831,161,6604.38
2025-01-01,2025,1,线上电商,9787986872774,175,8935.41
2025-01-01,2025,1,线上电商,9783471434558,140,3953.18
2025-01-01,2025,1,线上电商,9782316658760,114,4968.06
2025-01-01,2025,1,线上电商,9789096705466,197,10805.55
2025-01-01,2025,1,线上电商,9784670656272,301,21038.55
2025-01-01,2025,1,线上电商,9789016272046,106,5053.71
2025-01-01,2025,1,线上电商,9786464170805,46,2032.03
2025-01-01,2025,1,线上电商,9780330923271,223,12426.9
2025-01-01,2025,1,线上电商,9784529912419,335,12537.54
2025-01-01,2025,1,线上电商,9783193149190,118,5706.07
2025-01-01,2025,1,线上电商,9788506716572,365,18745.31
2025-01-01,2025,1,线上电商,9786945314737,288,16105.39
2025-01-01,2025,1,线下书店,9781043321819,33,1783.19
2025-01-01,2025,1,线下书店,9783890838637,108,6522.28
2025-01-01,2025,1,线下书店,9786542351161,148,7643.02
2025-01-01,2025,1,线下书店,9780781618495,56,3356.39
2025-01-01,2025,1,线下书店,9783413164752,85,4425.91
2025-01-01,2025,1,线下书店,9781928327648,93,4309.71
2025-01-01,2025,1,线下书店,9780564139537,132,7001.08
2025-01-01,2025,1,线下书店,9782388496965,44,2038.59
2025-01-01,2025,1,线下书店,9780122691669,148,11225.5
2025-01-01,2025,1,线下书店,9781845146270,37,2746.97
2025-01-01,2025,1,线下书店,9781489325288,137,11289.21
2025-01-01,2025,1,线下书店,9781543039117,46,3611.37
2025-01-01,2025,1,线下书店,9787824896383,41,3058.35
2025-01-01,2025,1,线下书店,9788713315098,106,5961.44
2025-01-01,2025,1,线下书店,9780310518347,104,5786.72
2025-01-01,2025,1,线下书店,9787631165667,58,4658.7
2025-01-01,2025,1,线下书店,9786513338726,176,9587.25
2025-01-01,2025,1,线下书店,9781781080132,104,6546.49
2025-01-01,2025,1,线下书店,9786026064746,153,11316.95
2025-01-01,2025,1,线下书店,9784309805009,121,7939.6
2025-01-01,2025,1,线下书店,9788121913619,44,3337.73
2025-01-01,2025,1,线下书店,9789985435346,45,3216.51
2025-01-01,2025,1,线下书店,9781079911838,23,1761.33
2025-01-01,2025,1,线下书店,9783542784980,59,5420.6
2025-01-01,2025,1,线下书店,9782411824493,84,7876.26
2025-01-01,2025,1,线下书店,9787401640052,34,3084.0
2025-01-01,2025,1,线下书店,9787868011280,82,8053.3
2025-01-01,2025,1,线下书店,9780450533158,44,4404.47
2025-01-01,2025,1,线下书店,9783226025634,65,4715.85
2025-01-01,2025,1,线下书店,9780733754330,73,6685.34
2025-01-01,2025,1,线下书店,9781458685014,51,1799.43
2025-01-01,2025,1,线下书店,9789655698169,178,6358.16
2025-01-01,2025,1,线下书店,9788835615951,159,8880.23
2025-01-01,2025,1,线下书店,9786564823662,33,1712.34
2025-01-01,2025,1,线下书店,9780443699577,136,6161.55
2025-01-01,2025,1,线下书店,9782148951343,196,11592.81
2025-01-01,2025,1,线下书店,9783791769367,126,5505.0
2025-01-01,2025,1,线下书店,9781632870831,146,6693.66
2025-01-01,2025,1,线下书店,9787986872774,89,5078.92
2025-01-01,2025,1,线下书店,9783471434558,137,4323.58
2025-01-01,2025,1,线下书店,9782316658760,57,2776.27
2025-01-01,2025,1,线下书店,9789096705466,109,6682.08
2025-01-01,2025,1,线下书店,9784670656272,199,15545.58
2025-01-01,2025,1,线下书店,9789016272046,149,7939.54
2025-01-01,2025,1,线下书店,9786464170805,148,7306.98
2025-01-01,2025,1,线下书店,9780330923271,224,13951.17
2025-01-01,2025,1,线下书店,9784529912419,163,6818.05
2025-01-01,2025,1,线下书店,9783193149190,70,3783.18
2025-01-01,2025,1,线下书店,9788506716572,225,12914.77
2025-01-01,2025,1,线下书店,9786945314737,34,2125.02
2025-01-01,2025,1,馆配,9781043321819,116,4948.56
2025-01-01,2025,1,馆配,9783890838637,85,4052.59
2025-01-01,2025,1,馆配,9786542351161,119,4851.63
2025-01-01,2025,1,馆配,9780781618495,79,3738.08
2025-01-01,2025,1,馆配,9783413164752,112,4604.04
2025-01-01,2025,1,馆配,9781928327648,109,3987.77
2025-01-01,2025,1,馆配,9780564139537,116,4857.21
2025-01-01,2025,1,馆配,9782388496965,123,4499.03
2025-01-01,2025,1,馆配,9780122691669,87,5209.56
2025-01-01,2025,1,馆配,9781845146270,61,3575.36
2025-01-01,2025,1,馆配,9781489325288,118,7676.49
2025-01-01,2025,1,馆配,9781543039117,62,3842.76
2025-01-01,2025,1,馆配,9787824896383,88,5182.32
2025-01-01,2025,1,馆配,9788713315098,69,3063.6
2025-01-01,2025,1,馆配,9780310518347,42,1844.95
2025-01-01,2025,1,馆配,9787631165667,85,5390.06
2025-01-01,2025,1,馆配,9786513338726,104,4472.52
2025-01-01,2025,1,馆配,9781781080132,83,4124.69
2025-01-01,2025,1,馆配,9786026064746,93,5430.73
2025-01-01,2025,1,馆配,9784309805009,116,6009.09
2025-01-01,2025,1,馆配,9788121913619,27,1616.96
2025-01-01,2025,1,馆配,9789985435346,39,2200.77
2025-01-01,2025,1,馆配,9781079911838,76,4594.77
2025-01-01,2025,1,馆配,9783542784980,88,6382.86
2025-01-01,2025,1,馆配,9782411824493,12,888.3
2025-01-01,2025,1,馆配,9787401640052,17,1217.37
2025-01-01,2025,1,馆配,9787868011280,16,1240.56
2025-01-01,2025,1,馆配,9780450533158,45,3556.24
2025-01-01,2025,1,馆配,9783226025634,86,4925.87
2025-01-01,2025,1,馆配,9780733754330,108,7808.4
2025-01-01,2025,1,馆配,9781458685014,36,1002.78
2025-01-01,2025,1,馆配,9789655698169,122,3440.4
2025-01-01,2025,1,馆配,9788835615951,56,2469.18
2025-01-01,2025,1,馆配,9786564823662,142,5817.03
2025-01-01,2025,1,馆配,9780443699577,47,1681.07
2025-01-01,2025,1,馆配,9782148951343,97,4529.41
2025-01-01,2025,1,馆配,9783791769367,48,1655.64
2025-01-01,2025,1,馆配,9781632870831,57,2063.11
2025-01-01,2025,1,馆配,9787986872774,155,6983.14
2025-01-01,2025,1,馆配,9783471434558,24,597.96
2025-01-01,2025,1,馆配,9782316658760,57,2191.79
2025-01-01,2025,1,馆配,9789096705466,24,1161.54
2025-01-01,2025,1,馆配,9784670656272,75,4625.44
2025-01-01,2025,1,馆配,9789016272046,177,7445.95
2025-01-01,2025,1,馆配,9786464170805,46,1792.96
2025-01-01,2025,1,馆配,9780330923271,34,1671.78
2025-01-01,2025,1,馆配,9784529912419,41,1353.92
2025-01-01,2025,1,馆配,9783193149190,162,6912.14
2025-01-01,2025,1,馆配,9788506716572,81,3670.52
2025-01-01,2025,1,馆配,9786945314737,130,6414.53
2025-01-31,2025,1,线上电商,9781043321819,277,13392.4
2025-01-31,2025,1,线上电商,9783890838637,180,9726.21
2025-01-31,2025,1,线上电商,9786542351161,334,15432.8
2025-01-31,2025,1,线上电商,9780781618495,134,7185.95
2025-01-31,2025,1,线上电商,9783413164752,270,12578.9
2025-01-31,2025,1,线上电商,9781928327648,224,9287.71
2025-01-31,2025,1,线上电商,9780564139537,281,13335.0
2025-01-31,2025,1,线上电商,9782388496965,193,8000.72
2025-01-31,2025,1,线上电商,9780122691669,76,5157.66
2025-01-31,2025,1,线上电商,9781845146270,193,12820.51
2025-01-31,2025,1,线上电商,9781489325288,93,6856.8
2025-01-31,2025,1,线上电商,9781543039117,94,6602.94
2025-01-31,2025,1,线上电商,9787824896383,194,12947.95
2025-01-31,2025,1,线上电商,9788713315098,86,4327.52
2025-01-31,2025,1,线上电商,9780310518347,184,9160.35
2025-01-31,2025,1,线上电商,9787631165667,48,3449.64
2025-01-31,2025,1,线上电商,9786513338726,230,11209.97
2025-01-31,2025,1,线上电商,9781781080132,177,9968.82
2025-01-31,2025,1,线上电商,9786026064746,80,5294.48
2025-01-31,2025,1,线上电商,9784309805009,246,14442.54
2025-01-31,2025,1,线上电商,9788121913619,167,11334.71
2025-01-31,2025,1,线上电商,9789985435346,43,2750.02
2025-01-31,2025,1,线上电商,9781079911838,119,8153.7
2025-01-31,2025,1,线上电商,9783542784980,61,5014.41
2025-01-31,2025,1,线上电商,9782411824493,69,5788.76
2025-01-31,2025,1,线上电商,9787401640052,133,10794.01
2025-01-31,2025,1,线上电商,9787868011280,47,4130.03
2025-01-31,2025,1,线上电商,9780450533158,38,3403.45
2025-01-31,2025,1,线上电商,9783226025634,91,5907.22
2025-01-31,2025,1,线上电商,9780733754330,64,5244.16
2025-01-31,2025,1,线上电商,9781458685014,118,3725.14
2025-01-31,2025,1,线上电商,9789655698169,102,3259.92
2025-01-31,2025,1,线上电商,9788835615951,193,9644.5
2025-01-31,2025,1,线上电商,9786564823662,158,7335.47
2025-01-31,2025,1,线上电商,9780443699577,97,3932.04
2025-01-31,2025,1,线上电商,9782148951343,340,17993.14
2025-01-31,2025,1,线上电商,9783791769367,63,2462.76
2025-01-31,2025,1,线上电商,9781632870831,34,1394.71
2025-01-31,2025,1,线上电商,9787986872774,48,2450.86
2025-01-31,2025,1,线上电商,9783471434558,112,3162.54
2025-01-31,2025,1,线上电商,9782316658760,45,1961.08
2025-01-31,2025,1,线上电商,9789096705466,95,5210.8
2025-01-31,2025,1,线上电商,9784670656272,213,14887.74
2025-01-31,2025,1,线上电商,9789016272046,250,11919.12
2025-01-31,2025,1,线上电商,9786464170805,281,12413.03
2025-01-31,2025,1,线上电商,9780330923271,328,18278.13
2025-01-31,2025,1,线上电商,9784529912419,228,8533.01
2025-01-31,2025,1,线上电商,9783193149190,293,14168.45
2025-01-31,2025,1,线上电商,9788506716572,332,17050.52
2025-01-31,2025,1,线上电商,9786945314737,271,15154.73
2025-01-31,2025,1,线下书店,9781043321819,75,4052.7
2025-01-31,2025,1,线下书店,9783890838637,70,4227.4
2025-01-31,2025,1,线下书店,9786542351161,96,4957.63
2025-01-31,2025,1,线下书店,9780781618495,50,2996.77
2025-01-31,2025,1,线下书店,9783413164752,37,1926.57
2025-01-31,2025,1,线下书店,9781928327648,40,1853.64
2025-01-31,2025,1,线下书店,9780564139537,107,5675.12
2025-01-31,2025,1,线下书店,9782388496965,130,6023.1
2025-01-31,2025,1,线下书店,9780122691669,167,12666.62
2025-01-31,2025,1,线下书店,9781845146270,57,4231.82
2025-01-31,2025,1,线下书店,9781489325288,147,12113.24
2025-01-31,2025,1,线下书店,9781543039117,82,6437.66
2025-01-31,2025,1,线下书店,9787824896383,84,6265.9
2025-01-31,2025,1,线下书店,9788713315098,74,4161.76
2025-01-31,2025,1,线下书店,9780310518347,34,1891.81
2025-01-31,2025,1,线下书店,9787631165667,166,13333.53
2025-01-31,2025,1,线下书店,9786513338726,25,1361.83
2025-01-31,2025,1,线下书店,9781781080132,39,2454.93
2025-01-31,2025,1,线下书店,9786026064746,61,4511.99
2025-01-31,2025,1,线下书店,9784309805009,69,4527.54
2025-01-31,2025,1,线下书店,9788121913619,99,7509.89
2025-01-31,2025,1,线下书店,9789985435346,61,4360.16
2025-01-31,2025,1,线下书店,9781079911838,67,5130.83
2025-01-31,2025,1,线下书店,9783542784980,36,3307.48
2025-01-31,2025,1,线下书店,9782411824493,64,6000.96
2025-01-31,2025,1,线下书店,9787401640052,105,9524.13
2025-01-31,2025,1,线下书店,9787868011280,44,4321.28
2025-01-31,2025,1,线下书店,9780450533158,49,4904.97
2025-01-31,2025,1,线下书店,9783226025634,73,5296.26
2025-01-31,2025,1,线下书店,9780733754330,93,8516.94
2025-01-31,2025,1,线下书店,9781458685014,79,2787.36
2025-01-31,2025,1,线下书店,9789655698169,96,3429.12
2025-01-31,2025,1,线下书店,9788835615951,81,4523.89
2025-01-31,2025,1,线下书店,9786564823662,145,7523.9
2025-01-31,2025,1,线下书店,9780443699577,42,1902.83
2025-01-31,2025,1,线下书店,9782148951343,101,5973.85
2025-01-31,2025,1,线下书店,9783791769367,82,3582.62
2025-01-31,2025,1,线下书店,9781632870831,231,10590.66
2025-01-31,2025,1,线下书店,9787986872774,110,6277.31
2025-01-31,2025,1,线下书店,9783471434558,64,2019.78
2025-01-31,2025,1,线下书店,9782316658760,167,8133.99
2025-01-31,2025,1,线下书店,9789096705466,181,11095.93
2025-01-31,2025,1,线下书店,9784670656272,189,14764.4
2025-01-31,2025,1,线下书店,9789016272046,149,7939.54
2025-01-31,2025,1,线下书店,9786464170805,67,3307.89
2025-01-31,2025,1,线下书店,9780330923271,199,12394.12
2025-01-31,2025,1,线下书店,9784529912419,186,7780.1
2025-01-31,2025,1,线下书店,9783193149190,80,4323.64
2025-01-31,2025,1,线下书店,9788506716572,141,8093.26
2025-01-31,2025,1,线下书店,9786945314737,81,5062.54
2025-01-31,2025,1,馆配,9781043321819,51,2175.66
2025-01-31,2025,1,馆配,9783890838637,115,5482.91
2025-01-31,2025,1,馆配,9786542351161,103,4199.31
2025-01-31,2025,1,馆配,9780781618495,83,3927.35
2025-01-31,2025,1,馆配,9783413164752,19,781.04
2025-01-31,2025,1,馆配,9781928327648,35,1280.47
2025-01-31,2025,1,馆配,9780564139537,42,1758.64
2025-01-31,2025,1,馆配,9782388496965,152,5559.78
2025-01-31,2025,1,馆配,9780122691669,63,3772.44
2025-01-31,2025,1,馆配,9781845146270,20,1172.25
2025-01-31,2025,1,馆配,9781489325288,55,3578.02
2025-01-31,2025,1,馆配,9781543039117,39,2417.22
2025-01-31,2025,1,馆配,9787824896383,91,5358.99
2025-01-31,2025,1,馆配,9788713315098,40,1776.0
2025-01-31,2025,1,馆配,9780310518347,72,3162.78
2025-01-31,2025,1,馆配,9787631165667,100,6341.25
2025-01-31,2025,1,馆配,9786513338726,32,1376.16
2025-01-31,2025,1,馆配,9781781080132,88,4373.16
2025-01-31,2025,1,馆配,9786026064746,87,5080.36
2025-01-31,2025,1,馆配,9784309805009,17,880.64
2025-01-31,2025,1,馆配,9788121913619,38,2275.72
2025-01-31,2025,1,馆配,9789985435346,16,902.88
2025-01-31,2025,1,馆配,9781079911838,68,4111.11
2025-01-31,2025,1,馆配,9783542784980,82,5947.66
2025-01-31,2025,1,馆配,9782411824493,37,2738.93
2025-01-31,2025,1,馆配,9787401640052,64,4583.04
2025-01-31,2025,1,馆配,9787868011280,57,4419.49
2025-01-31,2025,1,馆配,9780450533158,115,9088.16
2025-01-31,2025,1,馆配,9783226025634,65,3723.04
2025-01-31,2025,1,馆配,9780733754330,73,5277.9
2025-01-31,2025,1,馆配,9781458685014,152,4233.96
2025-01-31,2025,1,馆配,9789655698169,41,1156.2
2025-01-31,2025,1,馆配,9788835615951,144,6349.32
2025-01-31,2025,1,馆配,9786564823662,109,4465.18
2025-01-31,2025,1,馆配,9780443699577,61,2181.82
2025-01-31,2025,1,馆配,9782148951343,35,1634.32
2025-01-31,2025,1,馆配,9783791769367,72,2483.46
2025-01-31,2025,1,馆配,9781632870831,60,2171.7
2025-01-31,2025,1,馆配,9787986872774,112,5045.88
2025-01-31,2025,1,馆配,9783471434558,47,1171.0
2025-01-31,2025,1,馆配,9782316658760,33,1268.93
2025-01-31,2025,1,馆配,9789096705466,107,5178.53
2025-01-31,2025,1,馆配,9784670656272,114,7030.67
2025-01-31,2025,1,馆配,9789016272046,67,2818.52
2025-01-31,2025,1,馆配,9786464170805,45,1753.99
2025-01-31,2025,1,馆配,9780330923271,124,6097.08
2025-01-31,2025,1,馆配,9784529912419,90,2972.03
2025-01-31,2025,1,馆配,9783193149190,88,3754.74
2025-01-31,2025,1,馆配,9788506716572,137,6208.16
2025-01-31,2025,1,馆配,9786945314737,48,2368.44
2025-03-02,2025,3,线上电商,9781043321819,87,4206.28
2025-03-02,2025,3,线上电商,9783890838637,172,9293.93
2025-03-02,2025,3,线上电商,9786542351161,23,1062.74
2025-03-02,2025,3,线上电商,9780781618495,29,1555.17
2025-03-02,2025,3,线上电商,9783413164752,51,2376.01
2025-03-02,2025,3,线上电商,9781928327648,26,1078.04
2025-03-02,2025,3,线上电商,9780564139537,113,5362.47
2025-03-02,2025,3,线上电商,9782388496965,125,5181.81
2025-03-02,2025,3,线上电商,9780122691669,123,8347.27
2025-03-02,2025,3,线上电商,9781845146270,31,2059.25
2025-03-02,2025,3,线上电商,9781489325288,100,7372.9
2025-03-02,2025,3,线上电商,9781543039117,43,3020.49
2025-03-02,2025,3,线上电商,9787824896383,50,3337.1
2025-03-02,2025,3,线上电商,9788713315098,26,1308.32
2025-03-02,2025,3,线上电商,9780310518347,101,5028.23
2025-03-02,2025,3,线上电商,9787631165667,132,9486.51
2025-03-02,2025,3,线上电商,9786513338726,95,4630.2
2025-03-02,2025,3,线上电商,9781781080132,85,4787.28
2025-03-02,2025,3,线上电商,9786026064746,73,4831.21
2025-03-02,2025,3,线上电商,9784309805009,69,4050.96
2025-03-02,2025,3,线上电商,9788121913619,73,4954.69
2025-03-02,2025,3,线上电商,9789985435346,131,8377.97
2025-03-02,2025,3,线上电商,9781079911838,106,7262.96
2025-03-02,2025,3,线上电商,9783542784980,58,4767.8
2025-03-02,2025,3,线上电商,9782411824493,115,9647.92
2025-03-02,2025,3,线上电商,9787401640052,80,6492.64
2025-03-02,2025,3,线上电商,9787868011280,98,8611.55
2025-03-02,2025,3,线上电商,9780450533158,35,3134.76
2025-03-02,2025,3,线上电商,9783226025634,61,3959.78
2025-03-02,2025,3,线上电商,9780733754330,115,9423.1
2025-03-02,2025,3,线上电商,9781458685014,169,5335.16
2025-03-02,2025,3,线上电商,9789655698169,43,1374.28
2025-03-02,2025,3,线上电商,9788835615951,139,6946.04
2025-03-02,2025,3,线上电商,9786564823662,178,8264.01
2025-03-02,2025,3,线上电商,9780443699577,175,7093.89
2025-03-02,2025,3,线上电商,9782148951343,32,1693.47
2025-03-02,2025,3,线上电商,9783791769367,188,7349.2
2025-03-02,2025,3,线上电商,9781632870831,102,4184.14
2025-03-02,2025,3,线上电商,9787986872774,113,5769.72
2025-03-02,2025,3,线上电商,9783471434558,252,7115.72
2025-03-02,2025,3,线上电商,9782316658760,102,4445.11
2025-03-02,2025,3,线上电商,9789096705466,69,3784.68
2025-03-02,2025,3,线上电商,9784670656272,67,4683.0
2025-03-02,2025,3,线上电商,9789016272046,147,7008.45
2025-03-02,2025,3,线上电商,9786464170805,40,1766.98
2025-03-02,2025,3,线上电商,9780330923271,199,11089.47
2025-03-02,2025,3,线上电商,9784529912419,152,5688.68
2025-03-02,2025,3,线上电商,9783193149190,215,10396.65
2025-03-02,2025,3,线上电商,9788506716572,151,7754.91
2025-03-02,2025,3,线上电商,9786945314737,72,4026.35
2025-03-02,2025,3,线下书店,9781043321819,117,6322.21
2025-03-02,2025,3,线下书店,9783890838637,120,7246.98
2025-03-02,2025,3,线下书店,9786542351161,36,1859.11
2025-03-02,2025,3,线下书店,9780781618495,64,3835.87
2025-03-02,2025,3,线下书店,9783413164752,115,5987.99
2025-03-02,2025,3,线下书店,9781928327648,99,4587.76
2025-03-02,2025,3,线下书店,9780564139537,67,3553.58
2025-03-02,2025,3,线下书店,9782388496965,54,2501.9
2025-03-02,2025,3,线下书店,9780122691669,35,2654.68
2025-03-02,2025,3,线下书店,9781845146270,91,6756.07
2025-03-02,2025,3,线下书店,9781489325288,16,1318.45
2025-03-02,2025,3,线下书店,9781543039117,76,5966.61
2025-03-02,2025,3,线下书店,9787824896383,41,3058.35
2025-03-02,2025,3,线下书店,9788713315098,21,1181.04
2025-03-02,2025,3,线下书店,9780310518347,44,2448.23
2025-03-02,2025,3,线下书店,9787631165667,44,3534.19
2025-03-02,2025,3,线下书店,9786513338726,56,3050.49
2025-03-02,2025,3,线下书店,9781781080132,42,2643.77
2025-03-02,2025,3,线下书店,9786026064746,17,1257.44
2025-03-02,2025,3,线下书店,9784309805009,44,2887.13
2025-03-02,2025,3,线下书店,9788121913619,76,5765.17
2025-03-02,2025,3,线下书店,9789985435346,56,4002.77
2025-03-02,2025,3,线下书店,9781079911838,23,1761.33
2025-03-02,2025,3,线下书店,9783542784980,19,1745.62
2025-03-02,2025,3,线下书店,9782411824493,41,3844.37
2025-03-02,2025,3,线下书店,9787401640052,28,2539.77
2025-03-02,2025,3,线下书店,9787868011280,22,2160.64
2025-03-02,2025,3,线下书店,9780450533158,39,3903.96
2025-03-02,2025,3,线下书店,9783226025634,46,3337.37
2025-03-02,2025,3,线下书店,9780733754330,88,8059.04
2025-03-02,2025,3,线下书店,9781458685014,99,3493.02
2025-03-02,2025,3,线下书店,9789655698169,141,5036.52
2025-03-02,2025,3,线下书店,9788835615951,25,1396.26
2025-03-02,2025,3,线下书店,9786564823662,109,5655.9
2025-03-02,2025,3,线下书店,9780443699577,42,1902.83
2025-03-02,2025,3,线下书店,9782148951343,44,2602.47
2025-03-02,2025,3,线下书店,9783791769367,60,2621.43
2025-03-02,2025,3,线下书店,9781632870831,74,3392.68
2025-03-02,2025,3,线下书店,9787986872774,27,1540.8
2025-03-02,2025,3,线下书店,9783471434558,132,4165.79
2025-03-02,2025,3,线下书店,9782316658760,142,6916.32
2025-03-02,2025,3,线下书店,9789096705466,32,1961.71
2025-03-02,2025,3,线下书店,9784670656272,22,1718.61
2025-03-02,2025,3,线下书店,9789016272046,84,4475.98
2025-03-02,2025,3,线下书店,9786464170805,92,4542.18
2025-03-02,2025,3,线下书店,9780330923271,179,11148.48
2025-03-02,2025,3,线下书店,9784529912419,54,2258.74
2025-03-02,2025,3,线下书店,9783193149190,16,864.73
2025-03-02,2025,3,线下书店,9788506716572,172,9872.63
2025-03-02,2025,3,线下书店,9786945314737,163,10187.58
2025-03-02,2025,3,馆配,9781043321819,61,2602.26
2025-03-02,2025,3,馆配,9783890838637,48,2288.52
2025-03-02,2025,3,馆配,9786542351161,58,2364.66
2025-03-02,2025,3,馆配,9780781618495,14,662.44
2025-03-02,2025,3,馆配,9783413164752,48,1973.16
2025-03-02,2025,3,馆配,9781928327648,28,1024.38
2025-03-02,2025,3,馆配,9780564139537,20,837.45
2025-03-02,2025,3,馆配,9782388496965,14,512.09
2025-03-02,2025,3,馆配,9780122691669,25,1497.0
2025-03-02,2025,3,馆配,9781845146270,67,3927.04
2025-03-02,2025,3,馆配,9781489325288,12,780.66
2025-03-02,2025,3,馆配,9781543039117,40,2479.2
2025-03-02,2025,3,馆配,9787824896383,54,3180.06
2025-03-02,2025,3,馆配,9788713315098,26,1154.4
2025-03-02,2025,3,馆配,9780310518347,45,1976.74
2025-03-02,2025,3,馆配,9787631165667,54,3424.27
2025-03-02,2025,3,馆配,9786513338726,11,473.06
2025-03-02,2025,3,馆配,9781781080132,45,2236.28
2025-03-02,2025,3,馆配,9786026064746,35,2043.82
2025-03-02,2025,3,馆配,9784309805009,32,1657.68
2025-03-02,2025,3,馆配,9788121913619,17,1018.09
2025-03-02,2025,3,馆配,9789985435346,66,3724.38
2025-03-02,2025,3,馆配,9781079911838,57,3446.08
2025-03-02,2025,3,馆配,9783542784980,34,2466.11
2025-03-02,2025,3,馆配,9782411824493,76,5625.9
2025-03-02,2025,3,馆配,9787401640052,37,2649.57
2025-03-02,2025,3,馆配,9787868011280,63,4884.7
2025-03-02,2025,3,馆配,9780450533158,44,3477.21
2025-03-02,2025,3,馆配,9783226025634,34,1947.43
2025-03-02,2025,3,馆配,9780733754330,26,1879.8
2025-03-02,2025,3,馆配,9781458685014,37,1030.63
2025-03-02,2025,3,馆配,9789655698169,66,1861.2
2025-03-02,2025,3,馆配,9788835615951,39,1719.61
2025-03-02,2025,3,馆配,9786564823662,33,1351.84
2025-03-02,2025,3,馆配,9780443699577,48,1716.84
2025-03-02,2025,3,馆配,9782148951343,92,4295.94
2025-03-02,2025,3,馆配,9783791769367,46,1586.65
2025-03-02,2025,3,馆配,9781632870831,33,1194.43
2025-03-02,2025,3,馆配,9787986872774,37,1666.94
2025-03-02,2025,3,馆配,9783471434558,54,1345.41
2025-03-02,2025,3,馆配,9782316658760,81,3114.65
2025-03-02,2025,3,馆配,9789096705466,48,2323.08
2025-03-02,2025,3,馆配,9784670656272,22,1356.8
2025-03-02,2025,3,馆配,9789016272046,100,4206.75
2025-03-02,2025,3,馆配,9786464170805,28,1091.37
2025-03-02,2025,3,馆配,9780330923271,37,1819.29
2025-03-02,2025,3,馆配,9784529912419,85,2806.91
2025-03-02,2025,3,馆配,9783193149190,60,2560.05
2025-03-02,2025,3,馆配,9788506716572,135,6117.52
2025-03-02,2025,3,馆配,9786945314737,91,4490.17
2025-04-01,2025,4,线上电商,9781043321819,51,2465.75
2025-04-01,2025,4,线上电商,9783890838637,67,3620.31
2025-04-01,2025,4,线上电商,9786542351161,58,2679.95
2025-04-01,2025,4,线上电商,9780781618495,84,4504.63
2025-04-01,2025,4,线上电商,9783413164752,104,4845.2
2025-04-01,2025,4,线上电商,9781928327648,54,2239.0
2025-04-01,2025,4,线上电商,9780564139537,148,7023.41
2025-04-01,2025,4,线上电商,9782388496965,168,6964.36
2025-04-01,2025,4,线上电商,9780122691669,134,9093.78
2025-04-01,2025,4,线上电商,9781845146270,117,7772.02
2025-04-01,2025,4,线上电商,9781489325288,150,11059.35
2025-04-01,2025,4,线上电商,9781543039117,111,7797.08
2025-04-01,2025,4,线上电商,9787824896383,72,4805.42
2025-04-01,2025,4,线上电商,9788713315098,40,2012.8
2025-04-01,2025,4,线上电商,9780310518347,20,995.69
2025-04-01,2025,4,线上电商,9787631165667,109,7833.56
2025-04-01,2025,4,线上电商,9786513338726,24,1169.74
2025-04-01,2025,4,线上电商,9781781080132,125,7040.12
2025-04-01,2025,4,线上电商,9786026064746,109,7213.73
2025-04-01,2025,4,线上电商,9784309805009,34,1996.12
2025-04-01,2025,4,线上电商,9788121913619,47,3190.01
2025-04-01,2025,4,线上电商,9789985435346,137,8761.7
2025-04-01,2025,4,线上电商,9781079911838,76,5207.41
2025-04-01,2025,4,线上电商,9783542784980,99,8138.15
2025-04-01,2025,4,线上电商,9782411824493,47,3943.07
2025-04-01,2025,4,线上电商,9787401640052,43,3489.79
2025-04-01,2025,4,线上电商,9787868011280,85,7469.2
2025-04-01,2025,4,线上电商,9780450533158,57,5105.18
2025-04-01,2025,4,线上电商,9783226025634,42,2726.41
2025-04-01,2025,4,线上电商,9780733754330,62,5080.28
2025-04-01,2025,4,线上电商,9781458685014,227,7166.16
2025-04-01,2025,4,线上电商,9789655698169,230,7350.8
2025-04-01,2025,4,线上电商,9788835615951,50,2498.57
2025-04-01,2025,4,线上电商,9786564823662,138,6406.93
2025-04-01,2025,4,线上电商,9780443699577,153,6202.08
2025-04-01,2025,4,线上电商,9782148951343,177,9367.02
2025-04-01,2025,4,线上电商,9783791769367,138,5394.63
2025-04-01,2025,4,线上电商,9781632870831,143,5866.0
2025-04-01,2025,4,线上电商,9787986872774,155,7914.22
2025-04-01,2025,4,线上电商,9783471434558,116,3275.49
2025-04-01,2025,4,线上电商,9782316658760,119,5185.96
2025-04-01,2025,4,线上电商,9789096705466,72,3949.24
2025-04-01,2025,4,线上电商,9784670656272,72,5032.48
2025-04-01,2025,4,线上电商,9789016272046,201,9582.98
2025-04-01,2025,4,线上电商,9786464170805,65,2871.34
2025-04-01,2025,4,线上电商,9780330923271,55,3064.93
2025-04-01,2025,4,线上电商,9784529912419,99,3705.12
2025-04-01,2025,4,线上电商,9783193149190,180,8704.17
2025-04-01,2025,4,线上电商,9788506716572,132,6779.12
2025-04-01,2025,4,线上电商,9786945314737,227,12694.18
2025-04-01,2025,4,线下书店,9781043321819,84,4539.02
2025-04-01,2025,4,线下书店,9783890838637,135,8152.85
2025-04-01,2025,4,线下书店,9786542351161,88,4544.5
2025-04-01,2025,4,线下书店,9780781618495,107,6413.1
2025-04-01,2025,4,线下书店,9783413164752,42,2186.92
2025-04-01,2025,4,线下书店,9781928327648,34,1575.59
2025-04-01,2025,4,线下书店,9780564139537,115,6099.43
2025-04-01,2025,4,线下书店,9782388496965,16,741.3
2025-04-01,2025,4,线下书店,9780122691669,48,3640.7
2025-04-01,2025,4,线下书店,9781845146270,116,8612.13
2025-04-01,2025,4,线下书店,9781489325288,81,6674.64
2025-04-01,2025,4,线下书店,9781543039117,108,8478.86
2025-04-01,2025,4,线下书店,9787824896383,42,3132.95
2025-04-01,2025,4,线下书店,9788713315098,47,2643.28
2025-04-01,2025,4,线下书店,9780310518347,90,5007.73
2025-04-01,2025,4,线下书店,9787631165667,71,5702.9
2025-04-01,2025,4,线下书店,9786513338726,54,2941.54
2025-04-01,2025,4,线下书店,9781781080132,91,5728.18
2025-04-01,2025,4,线下书店,9786026064746,101,7470.67
2025-04-01,2025,4,线下书店,9784309805009,24,1574.8
2025-04-01,2025,4,线下书店,9788121913619,21,1593.01
2025-04-01,2025,4,线下书店,9789985435346,83,5932.67
2025-04-01,2025,4,线下书店,9781079911838,10,765.79
2025-04-01,2025,4,线下书店,9783542784980,85,7809.33
2025-04-01,2025,4,线下书店,9782411824493,25,2344.12
2025-04-01,2025,4,线下书店,9787401640052,56,5079.54
2025-04-01,2025,4,线下书店,9787868011280,18,1767.8
2025-04-01,2025,4,线下书店,9780450533158,39,3903.96
2025-04-01,2025,4,线下书店,9783226025634,69,5006.05
2025-04-01,2025,4,线下书店,9780733754330,26,2381.08
2025-04-01,2025,4,线下书店,9781458685014,88,3104.9
2025-04-01,2025,4,线下书店,9789655698169,137,4893.64
2025-04-01,2025,4,线下书店,9788835615951,73,4077.09
2025-04-01,2025,4,线下书店,9786564823662,40,2075.56
2025-04-01,2025,4,线下书店,9780443699577,47,2129.36
2025-04-01,2025,4,线下书店,9782148951343,38,2247.59
2025-04-01,2025,4,线下书店,9783791769367,76,3320.48
2025-04-01,2025,4,线下书店,9781632870831,85,3896.99
2025-04-01,2025,4,线下书店,9787986872774,105,5991.98
2025-04-01,2025,4,线下书店,9783471434558,22,694.3
2025-04-01,2025,4,线下书店,9782316658760,22,1071.54
2025-04-01,2025,4,线下书店,9789096705466,106,6498.17
2025-04-01,2025,4,线下书店,9784670656272,108,8436.8
2025-04-01,2025,4,线下书店,9789016272046,100,5328.55
2025-04-01,2025,4,线下书店,9786464170805,66,3258.52
2025-04-01,2025,4,线下书店,9780330923271,186,11584.45
2025-04-01,2025,4,线下书店,9784529912419,49,2049.6
2025-04-01,2025,4,线下书店,9783193149190,135,7296.14
2025-04-01,2025,4,线下书店,9788506716572,59,3386.54
2025-04-01,2025,4,线下书店,9786945314737,54,3375.03
2025-04-01,2025,4,馆配,9781043321819,91,3882.06
2025-04-01,2025,4,馆配,9783890838637,74,3528.14
2025-04-01,2025,4,馆配,9786542351161,29,1182.33
2025-04-01,2025,4,馆配,9780781618495,52,2460.51
2025-04-01,2025,4,馆配,9783413164752,63,2589.77
2025-04-01,2025,4,馆配,9781928327648,20,731.7
2025-04-01,2025,4,馆配,9780564139537,24,1004.94
2025-04-01,2025,4,馆配,9782388496965,37,1353.37
2025-04-01,2025,4,馆配,9780122691669,84,5029.92
2025-04-01,2025,4,馆配,9781845146270,40,2344.5
2025-04-01,2025,4,馆配,9781489325288,55,3578.02
2025-04-01,2025,4,馆配,9781543039117,40,2479.2
2025-04-01,2025,4,馆配,9787824896383,67,3945.63
2025-04-01,2025,4,馆配,9788713315098,28,1243.2
2025-04-01,2025,4,馆配,9780310518347,54,2372.09
2025-04-01,2025,4,馆配,9787631165667,26,1648.72
2025-04-01,2025,4,馆配,9786513338726,79,3397.4
2025-04-01,2025,4,馆配,9781781080132,28,1391.46
2025-04-01,2025,4,馆配,9786026064746,45,2627.77
2025-04-01,2025,4,馆配,9784309805009,51,2641.93
2025-04-01,2025,4,馆配,9788121913619,53,3174.04
2025-04-01,2025,4,馆配,9789985435346,59,3329.37
2025-04-01,2025,4,馆配,9781079911838,30,1813.73
2025-04-01,2025,4,馆配,9783542784980,37,2683.7
2025-04-01,2025,4,馆配,9782411824493,62,4589.55
2025-04-01,2025,4,馆配,9787401640052,51,3652.11
2025-04-01,2025,4,馆配,9787868011280,46,3566.61
2025-04-01,2025,4,馆配,9780450533158,30,2370.83
2025-04-01,2025,4,馆配,9783226025634,34,1947.43
2025-04-01,2025,4,馆配,9780733754330,52,3759.6
2025-04-01,2025,4,馆配,9781458685014,34,947.07
2025-04-01,2025,4,馆配,9789655698169,62,1748.4
2025-04-01,2025,4,馆配,9788835615951,29,1278.68
2025-04-01,2025,4,馆配,9786564823662,81,3318.16
2025-04-01,2025,4,馆配,9780443699577,76,2718.33
2025-04-01,2025,4,馆配,9782148951343,22,1027.29
2025-04-01,2025,4,馆配,9783791769367,65,2242.01
2025-04-01,2025,4,馆配,9781632870831,48,1737.36
2025-04-01,2025,4,馆配,9787986872774,59,2658.1
2025-04-01,2025,4,馆配,9783471434558,52,1295.58
2025-04-01,2025,4,馆配,9782316658760,35,1345.84
2025-04-01,2025,4,馆配,9789096705466,76,3678.21
2025-04-01,2025,4,馆配,9784670656272,60,3700.35
2025-04-01,2025,4,馆配,9789016272046,90,3786.08
2025-04-01,2025,4,馆配,9786464170805,20,779.55
2025-04-01,2025,4,馆配,9780330923271,31,1524.27
2025-04-01,2025,4,馆配,9784529912419,52,1717.17
2025-04-01,2025,4,馆配,9783193149190,89,3797.41
2025-04-01,2025,4,馆配,9788506716572,40,1812.6
2025-04-01,2025,4,馆配,9786945314737,21,1036.19
2025-05-01,2025,5,线上电商,9781043321819,48,2320.7
2025-05-01,2025,5,线上电商,9783890838637,67,3620.31
2025-05-01,2025,5,线上电商,9786542351161,67,3095.8
2025-05-01,2025,5,线上电商,9780781618495,76,4075.61
2025-05-01,2025,5,线上电商,9783413164752,183,8525.7
2025-05-01,2025,5,线上电商,9781928327648,115,4768.24
2025-05-01,2025,5,线上电商,9780564139537,110,5220.11
2025-05-01,2025,5,线上电商,9782388496965,30,1243.63
2025-05-01,2025,5,线上电商,9780122691669,153,10383.19
2025-05-01,2025,5,线上电商,9781845146270,53,3520.66
2025-05-01,2025,5,线上电商,9781489325288,32,2359.33
2025-05-01,2025,5,线上电商,9781543039117,150,10536.6
2025-05-01,2025,5,线上电商,9787824896383,123,8209.27
2025-05-01,2025,5,线上电商,9788713315098,63,3170.16
2025-05-01,2025,5,线上电商,9780310518347,109,5426.51
2025-05-01,2025,5,线上电商,9787631165667,30,2156.03
2025-05-01,2025,5,线上电商,9786513338726,76,3704.16
2025-05-01,2025,5,线上电商,9781781080132,63,3548.22
2025-05-01,2025,5,线上电商,9786026064746,36,2382.52
2025-05-01,2025,5,线上电商,9784309805009,29,1702.58
2025-05-01,2025,5,线上电商,9788121913619,20,1357.45
2025-05-01,2025,5,线上电商,9789985435346,63,4029.1
2025-05-01,2025,5,线上电商,9781079911838,85,5824.07
2025-05-01,2025,5,线上电商,9783542784980,125,10275.44
2025-05-01,2025,5,线上电商,9782411824493,29,2432.95
2025-05-01,2025,5,线上电商,9787401640052,70,5681.06
2025-05-01,2025,5,线上电商,9787868011280,60,5272.38
2025-05-01,2025,5,线上电商,9780450533158,38,3403.45
2025-05-01,2025,5,线上电商,9783226025634,74,4803.67
2025-05-01,2025,5,线上电商,9780733754330,129,10570.26
2025-05-01,2025,5,线上电商,9781458685014,193,6092.82
2025-05-01,2025,5,线上电商,9789655698169,135,4314.6
2025-05-01,2025,5,线上电商,9788835615951,165,8245.3
2025-05-01,2025,5,线上电商,9786564823662,148,6871.2
2025-05-01,2025,5,线上电商,9780443699577,45,1824.14
2025-05-01,2025,5,线上电商,9782148951343,167,8837.81
2025-05-01,2025,5,线上电商,9783791769367,146,5707.36
2025-05-01,2025,5,线上电商,9781632870831,142,5824.98
2025-05-01,2025,5,线上电商,9787986872774,169,8629.06
2025-05-01,2025,5,线上电商,9783471434558,136,3840.23
2025-05-01,2025,5,线上电商,9782316658760,37,1612.44
2025-05-01,2025,5,线上电商,9789096705466,231,12670.47
2025-05-01,2025,5,线上电商,9784670656272,35,2446.34
2025-05-01,2025,5,线上电商,9789016272046,46,2193.12
2025-05-01,2025,5,线上电商,9786464170805,198,8746.55
2025-05-01,2025,5,线上电商,9780330923271,154,8581.8
2025-05-01,2025,5,线上电商,9784529912419,112,4191.66
2025-05-01,2025,5,线上电商,9783193149190,129,6237.99
2025-05-01,2025,5,线上电商,9788506716572,83,4262.63
2025-05-01,2025,5,线上电商,9786945314737,205,11463.91
2025-05-01,2025,5,线下书店,9781043321819,26,1404.94
2025-05-01,2025,5,线下书店,9783890838637,91,5495.63
2025-05-01,2025,5,线下书店,9786542351161,121,6248.68
2025-05-01,2025,5,线下书店,9780781618495,75,4495.16
2025-05-01,2025,5,线下书店,9783413164752,66,3436.59
2025-05-01,2025,5,线下书店,9781928327648,40,1853.64
2025-05-01,2025,5,线下书店,9780564139537,64,3394.46
2025-05-01,2025,5,线下书店,9782388496965,85,3938.18
2025-05-01,2025,5,线下书店,9780122691669,23,1744.5
2025-05-01,2025,5,线下书店,9781845146270,85,6310.61
2025-05-01,2025,5,线下书店,9781489325288,77,6345.03
2025-05-01,2025,5,线下书店,9781543039117,54,4239.43
2025-05-01,2025,5,线下书店,9787824896383,23,1715.66
2025-05-01,2025,5,线下书店,9788713315098,59,3318.16
2025-05-01,2025,5,线下书店,9780310518347,27,1502.32
2025-05-01,2025,5,线下书店,9787631165667,83,6666.77
2025-05-01,2025,5,线下书店,9786513338726,69,3758.64
2025-05-01,2025,5,线下书店,9781781080132,70,4406.29
2025-05-01,2025,5,线下书店,9786026064746,27,1997.11
2025-05-01,2025,5,线下书店,9784309805009,31,2034.11
2025-05-01,2025,5,线下书店,9788121913619,15,1137.86
2025-05-01,2025,5,线下书店,9789985435346,68,4860.5
2025-05-01,2025,5,线下书店,9781079911838,68,5207.41
2025-05-01,2025,5,线下书店,9783542784980,64,5879.97
2025-05-01,2025,5,线下书店,9782411824493,14,1312.71
2025-05-01,2025,5,线下书店,9787401640052,20,1814.12
2025-05-01,2025,5,线下书店,9787868011280,20,1964.22
2025-05-01,2025,5,线下书店,9780450533158,76,7607.71
2025-05-01,2025,5,线下书店,9783226025634,61,4425.64
2025-05-01,2025,5,线下书店,9780733754330,86,7875.88
2025-05-01,2025,5,线下书店,9781458685014,68,2399.24
2025-05-01,2025,5,线下书店,9789655698169,107,3822.04
2025-05-01,2025,5,线下书店,9788835615951,134,7483.97
2025-05-01,2025,5,线下书店,9786564823662,107,5552.12
2025-05-01,2025,5,线下书店,9780443699577,38,1721.61
2025-05-01,2025,5,线下书店,9782148951343,109,6447.02
2025-05-01,2025,5,线下书店,9783791769367,98,4281.67
2025-05-01,2025,5,线下书店,9781632870831,41,1879.73
2025-05-01,2025,5,线下书店,9787986872774,46,2625.06
2025-05-01,2025,5,线下书店,9783471434558,91,2871.87
2025-05-01,2025,5,线下书店,9782316658760,72,3506.87
2025-05-01,2025,5,线下书店,9789096705466,130,7969.45
2025-05-01,2025,5,线下书店,9784670656272,65,5077.7
2025-05-01,2025,5,线下书店,9789016272046,111,5914.69
2025-05-01,2025,5,线下书店,9786464170805,56,2764.8
2025-05-01,2025,5,线下书店,9780330923271,91,5667.66
2025-05-01,2025,5,线下书店,9784529912419,121,5061.25
2025-05-01,2025,5,线下书店,9783193149190,99,5350.5
2025-05-01,2025,5,线下书店,9788506716572,55,3156.94
2025-05-01,2025,5,线下书店,9786945314737,54,3375.03
2025-05-01,2025,5,馆配,9781043321819,42,1791.72
2025-05-01,2025,5,馆配,9783890838637,24,1144.26
2025-05-01,2025,5,馆配,9786542351161,15,611.55
2025-05-01,2025,5,馆配,9780781618495,24,1135.62
2025-05-01,2025,5,馆配,9783413164752,41,1685.41
2025-05-01,2025,5,馆配,9781928327648,27,987.79
2025-05-01,2025,5,馆配,9780564139537,15,628.09
2025-05-01,2025,5,馆配,9782388496965,88,3218.82
2025-05-01,2025,5,馆配,9780122691669,37,2215.56
2025-05-01,2025,5,馆配,9781845146270,26,1523.93
2025-05-01,2025,5,馆配,9781489325288,86,5594.73
2025-05-01,2025,5,馆配,9781543039117,26,1611.48
2025-05-01,2025,5,馆配,9787824896383,53,3121.17
2025-05-01,2025,5,馆配,9788713315098,11,488.4
2025-05-01,2025,5,馆配,9780310518347,23,1010.33
2025-05-01,2025,5,馆配,9787631165667,52,3297.45
2025-05-01,2025,5,馆配,9786513338726,53,2279.26
2025-05-01,2025,5,馆配,9781781080132,24,1192.68
2025-05-01,2025,5,馆配,9786026064746,26,1518.27
2025-05-01,2025,5,馆配,9784309805009,62,3211.75
2025-05-01,2025,5,馆配,9788121913619,27,1616.96
2025-05-01,2025,5,馆配,9789985435346,20,1128.6
2025-05-01,2025,5,馆配,9781079911838,15,906.86
2025-05-01,2025,5,馆配,9783542784980,46,3336.49
2025-05-01,2025,5,馆配,9782411824493,56,4145.4
2025-05-01,2025,5,馆配,9787401640052,16,1145.76
2025-05-01,2025,5,馆配,9787868011280,13,1007.96
2025-05-01,2025,5,馆配,9780450533158,31,2449.85
2025-05-01,2025,5,馆配,9783226025634,28,1603.77
2025-05-01,2025,5,馆配,9780733754330,31,2241.3
2025-05-01,2025,5,馆配,9781458685014,67,1866.29
2025-05-01,2025,5,馆配,9789655698169,35,987.0
2025-05-01,2025,5,馆配,9788835615951,37,1631.42
2025-05-01,2025,5,馆配,9786564823662,49,2007.28
2025-05-01,2025,5,馆配,9780443699577,12,429.21
2025-05-01,2025,5,馆配,9782148951343,23,1073.99
2025-05-01,2025,5,馆配,9783791769367,23,793.33
2025-05-01,2025,5,馆配,9781632870831,16,579.12
2025-05-01,2025,5,馆配,9787986872774,51,2297.68
2025-05-01,2025,5,馆配,9783471434558,21,523.22
2025-05-01,2025,5,馆配,9782316658760,81,3114.65
2025-05-01,2025,5,馆配,9789096705466,52,2516.67
2025-05-01,2025,5,馆配,9784670656272,128,7894.08
2025-05-01,2025,5,馆配,9789016272046,103,4332.95
2025-05-01,2025,5,馆配,9786464170805,56,2182.74
2025-05-01,2025,5,馆配,9780330923271,37,1819.29
2025-05-01,2025,5,馆配,9784529912419,33,1089.74
2025-05-01,2025,5,馆配,9783193149190,29,1237.36
2025-05-01,2025,5,馆配,9788506716572,121,5483.12
2025-05-01,2025,5,馆配,9786945314737,23,1134.88
2025-05-31,2025,5,线上电商,9781043321819,129,6236.89
2025-05-31,2025,5,线上电商,9783890838637,55,2971.9
2025-05-31,2025,5,线上电商,9786542351161,90,4158.54
2025-05-31,2025,5,线上电商,9780781618495,28,1501.54
2025-05-31,2025,5,线上电商,9783413164752,124,5776.97
2025-05-31,2025,5,线上电商,9781928327648,171,7090.17
2025-05-31,2025,5,线上电商,9780564139537,54,2562.6
2025-05-31,2025,5,线上电商,9782388496965,57,2362.91
2025-05-31,2025,5,线上电商,9780122691669,124,8415.14
2025-05-31,2025,5,线上电商,9781845146270,120,7971.3
2025-05-31,2025,5,线上电商,9781489325288,80,5898.32
2025-05-31,2025,5,线上电商,9781543039117,119,8359.04
2025-05-31,2025,5,线上电商,9787824896383,52,3470.58
2025-05-31,2025,5,线上电商,9788713315098,88,4428.16
2025-05-31,2025,5,线上电商,9780310518347,108,5376.73
2025-05-31,2025,5,线上电商,9787631165667,76,5461.93
2025-05-31,2025,5,线上电商,9786513338726,134,6531.03
2025-05-31,2025,5,线上电商,9781781080132,168,9461.93
2025-05-31,2025,5,线上电商,9786026064746,121,8007.9
2025-05-31,2025,5,线上电商,9784309805009,108,6340.63
2025-05-31,2025,5,线上电商,9788121913619,122,8280.44
2025-05-31,2025,5,线上电商,9789985435346,67,4284.92
2025-05-31,2025,5,线上电商,9781079911838,109,7468.52
2025-05-31,2025,5,线上电商,9783542784980,118,9700.01
2025-05-31,2025,5,线上电商,9782411824493,95,7970.02
2025-05-31,2025,5,线上电商,9787401640052,39,3165.16
2025-05-31,2025,5,线上电商,9787868011280,116,10193.27
2025-05-31,2025,5,线上电商,9780450533158,116,10389.48
2025-05-31,2025,5,线上电商,9783226025634,50,3245.72
2025-05-31,2025,5,线上电商,9780733754330,86,7046.84
2025-05-31,2025,5,线上电商,9781458685014,55,1736.3
2025-05-31,2025,5,线上电商,9789655698169,177,5656.92
2025-05-31,2025,5,线上电商,9788835615951,35,1749.0
2025-05-31,2025,5,线上电商,9786564823662,49,2274.92
2025-05-31,2025,5,线上电商,9780443699577,142,5756.18
2025-05-31,2025,5,线上电商,9782148951343,22,1164.26
2025-05-31,2025,5,线上电商,9783791769367,71,2775.5
2025-05-31,2025,5,线上电商,9781632870831,51,2092.07
2025-05-31,2025,5,线上电商,9787986872774,182,9292.83
2025-05-31,2025,5,线上电商,9783471434558,47,1327.14
2025-05-31,2025,5,线上电商,9782316658760,152,6624.08
2025-05-31,2025,5,线上电商,9789096705466,56,3071.63
2025-05-31,2025,5,线上电商,9784670656272,197,13769.41
2025-05-31,2025,5,线上电商,9789016272046,129,6150.27
2025-05-31,2025,5,线上电商,9786464170805,152,6714.52
2025-05-31,2025,5,线上电商,9780330923271,138,7690.19
2025-05-31,2025,5,线上电商,9784529912419,167,6250.06
2025-05-31,2025,5,线上电商,9783193149190,170,8220.6
2025-05-31,2025,5,线上电商,9788506716572,41,2105.64
2025-05-31,2025,5,线上电商,9786945314737,63,3523.05
2025-05-31,2025,5,线下书店,9781043321819,80,4322.88
2025-05-31,2025,5,线下书店,9783890838637,108,6522.28
2025-05-31,2025,5,线下书店,9786542351161,149,7694.66
2025-05-31,2025,5,线下书店,9780781618495,64,3835.87
2025-05-31,2025,5,线下书店,9783413164752,58,3020.03
2025-05-31,2025,5,线下书店,9781928327648,46,2131.69
2025-05-31,2025,5,线下书店,9780564139537,40,2121.54
2025-05-31,2025,5,线下书店,9782388496965,98,4540.49
2025-05-31,2025,5,线下书店,9780122691669,43,3261.46
2025-05-31,2025,5,线下书店,9781845146270,118,8760.61
2025-05-31,2025,5,线下书店,9781489325288,27,2224.88
2025-05-31,2025,5,线下书店,9781543039117,26,2041.21
2025-05-31,2025,5,线下书店,9787824896383,110,8205.34
2025-05-31,2025,5,线下书店,9788713315098,17,956.08
2025-05-31,2025,5,线下书店,9780310518347,72,4006.19
2025-05-31,2025,5,线下书店,9787631165667,53,4257.09
2025-05-31,2025,5,线下书店,9786513338726,63,3431.8
2025-05-31,2025,5,线下书店,9781781080132,74,4658.08
2025-05-31,2025,5,线下书店,9786026064746,40,2958.68
2025-05-31,2025,5,线下书店,9784309805009,33,2165.34
2025-05-31,2025,5,线下书店,9788121913619,30,2275.72
2025-05-31,2025,5,线下书店,9789985435346,66,4717.55
2025-05-31,2025,5,线下书店,9781079911838,60,4594.77
2025-05-31,2025,5,线下书店,9783542784980,63,5788.09
2025-05-31,2025,5,线下书店,9782411824493,37,3469.3
2025-05-31,2025,5,线下书店,9787401640052,79,7165.77
2025-05-31,2025,5,线下书店,9787868011280,18,1767.8
2025-05-31,2025,5,线下书店,9780450533158,52,5205.28
2025-05-31,2025,5,线下书店,9783226025634,92,6674.74
2025-05-31,2025,5,线下书店,9780733754330,23,2106.34
2025-05-31,2025,5,线下书店,9781458685014,23,811.51
2025-05-31,2025,5,线下书店,9789655698169,136,4857.92
2025-05-31,2025,5,线下书店,9788835615951,39,2178.17
2025-05-31,2025,5,线下书店,9786564823662,17,882.11
2025-05-31,2025,5,线下书店,9780443699577,50,2265.28
2025-05-31,2025,5,线下书店,9782148951343,26,1537.82
2025-05-31,2025,5,线下书店,9783791769367,25,1092.26
2025-05-31,2025,5,线下书店,9781632870831,93,4263.77
2025-05-31,2025,5,线下书店,9787986872774,152,8674.11
2025-05-31,2025,5,线下书店,9783471434558,89,2808.75
2025-05-31,2025,5,线下书店,9782316658760,27,1315.08
2025-05-31,2025,5,线下书店,9789096705466,130,7969.45
2025-05-31,2025,5,线下书店,9784670656272,70,5468.3
2025-05-31,2025,5,线下书店,9789016272046,79,4209.55
2025-05-31,2025,5,线下书店,9786464170805,75,3702.86
2025-05-31,2025,5,线下书店,9780330923271,102,6352.76
2025-05-31,2025,5,线下书店,9784529912419,28,1171.2
2025-05-31,2025,5,线下书店,9783193149190,51,2756.32
2025-05-31,2025,5,线下书店,9788506716572,74,4247.53
2025-05-31,2025,5,线下书店,9786945314737,108,6750.05
2025-05-31,2025,5,馆配,9781043321819,16,682.56
2025-05-31,2025,5,馆配,9783890838637,63,3003.68
2025-05-31,2025,5,馆配,9786542351161,43,1753.11
2025-05-31,2025,5,馆配,9780781618495,67,3170.27
2025-05-31,2025,5,馆配,9783413164752,22,904.37
2025-05-31,2025,5,馆配,9781928327648,70,2560.95
2025-05-31,2025,5,馆配,9780564139537,79,3307.93
2025-05-31,2025,5,馆配,9782388496965,67,2450.69
2025-05-31,2025,5,馆配,9780122691669,57,3413.16
2025-05-31,2025,5,馆配,9781845146270,27,1582.54
2025-05-31,2025,5,馆配,9781489325288,36,2341.98
2025-05-31,2025,5,馆配,9781543039117,30,1859.4
2025-05-31,2025,5,馆配,9787824896383,37,2178.93
2025-05-31,2025,5,馆配,9788713315098,57,2530.8
2025-05-31,2025,5,馆配,9780310518347,73,3206.71
2025-05-31,2025,5,馆配,9787631165667,57,3614.51
2025-05-31,2025,5,馆配,9786513338726,51,2193.26
2025-05-31,2025,5,馆配,9781781080132,66,3279.87
2025-05-31,2025,5,馆配,9786026064746,59,3445.3
2025-05-31,2025,5,馆配,9784309805009,39,2020.3
2025-05-31,2025,5,馆配,9788121913619,47,2814.71
2025-05-31,2025,5,馆配,9789985435346,27,1523.61
2025-05-31,2025,5,馆配,9781079911838,32,1934.64
2025-05-31,2025,5,馆配,9783542784980,67,4859.68
2025-05-31,2025,5,馆配,9782411824493,62,4589.55
2025-05-31,2025,5,馆配,9787401640052,9,644.49
2025-05-31,2025,5,馆配,9787868011280,47,3644.14
2025-05-31,2025,5,馆配,9780450533158,52,4109.43
2025-05-31,2025,5,馆配,9783226025634,34,1947.43
2025-05-31,2025,5,馆配,9780733754330,20,1446.0
2025-05-31,2025,5,馆配,9781458685014,47,1309.18
2025-05-31,2025,5,馆配,9789655698169,32,902.4
2025-05-31,2025,5,馆配,9788835615951,96,4232.88
2025-05-31,2025,5,馆配,9786564823662,85,3482.02
2025-05-31,2025,5,馆配,9780443699577,28,1001.49
2025-05-31,2025,5,馆配,9782148951343,12,560.34
2025-05-31,2025,5,馆配,9783791769367,12,413.91
2025-05-31,2025,5,馆配,9781632870831,53,1918.33
2025-05-31,2025,5,馆配,9787986872774,82,3694.3
2025-05-31,2025,5,馆配,9783471434558,60,1494.9
2025-05-31,2025,5,馆配,9782316658760,34,1307.38
2025-05-31,2025,5,馆配,9789096705466,74,3581.41
2025-05-31,2025,5,馆配,9784670656272,49,3021.95
2025-05-31,2025,5,馆配,9789016272046,24,1009.62
2025-05-31,2025,5,馆配,9786464170805,99,3858.77
2025-05-31,2025,5,馆配,9780330923271,81,3982.77
2025-05-31,2025,5,馆配,9784529912419,108,3566.43
2025-05-31,2025,5,馆配,9783193149190,84,3584.07
2025-05-31,2025,5,馆配,9788506716572,69,3126.74
2025-05-31,2025,5,馆配,9786945314737,101,4983.59
2025-06-30,2025,6,线上电商,9781043321819,54,2610.79
2025-06-30,2025,6,线上电商,9783890838637,157,8483.42
2025-06-30,2025,6,线上电商,9786542351161,181,8363.29
2025-06-30,2025,6,线上电商,9780781618495,60,3217.59
2025-06-30,2025,6,线上电商,9783413164752,135,6289.45
2025-06-30,2025,6,线上电商,9781928327648,139,5763.36
2025-06-30,2025,6,线上电商,9780564139537,68,3226.97
2025-06-30,2025,6,线上电商,9782388496965,53,2197.09
2025-06-30,2025,6,线上电商,9780122691669,71,4818.34
2025-06-30,2025,6,线上电商,9781845146270,66,4384.22
2025-06-30,2025,6,线上电商,9781489325288,108,7962.73
2025-06-30,2025,6,线上电商,9781543039117,18,1264.39
2025-06-30,2025,6,线上电商,9787824896383,127,8476.23
2025-06-30,2025,6,线上电商,9788713315098,138,6944.16
2025-06-30,2025,6,线上电商,9780310518347,64,3186.21
2025-06-30,2025,6,线上电商,9787631165667,55,3952.71
2025-06-30,2025,6,线上电商,9786513338726,74,3606.69
2025-06-30,2025,6,线上电商,9781781080132,185,10419.39
2025-06-30,2025,6,线上电商,9786026064746,40,2647.24
2025-06-30,2025,6,线上电商,9784309805009,77,4520.63
2025-06-30,2025,6,线上电商,9788121913619,98,6651.5
2025-06-30,2025,6,线上电商,9789985435346,54,3453.52
2025-06-30,2025,6,线上电商,9781079911838,65,4453.7
2025-06-30,2025,6,线上电商,9783542784980,51,4192.38
2025-06-30,2025,6,线上电商,9782411824493,68,5704.86
2025-06-30,2025,6,线上电商,9787401640052,47,3814.43
2025-06-30,2025,6,线上电商,9787868011280,38,3339.17
2025-06-30,2025,6,线上电商,9780450533158,60,5373.87
2025-06-30,2025,6,线上电商,9783226025634,21,1363.2
2025-06-30,2025,6,线上电商,9780733754330,48,3933.12
2025-06-30,2025,6,线上电商,9781458685014,189,5966.54
2025-06-30,2025,6,线上电商,9789655698169,150,4794.0
2025-06-30,2025,6,线上电商,9788835615951,56,2798.4
2025-06-30,2025,6,线上电商,9786564823662,115,5339.1
2025-06-30,2025,6,线上电商,9780443699577,106,4296.87
2025-06-30,2025,6,线上电商,9782148951343,183,9684.54
2025-06-30,2025,6,线上电商,9783791769367,144,5629.18
2025-06-30,2025,6,线上电商,9781632870831,28,1148.59
2025-06-30,2025,6,线上电商,9787986872774,136,6944.09
2025-06-30,2025,6,线上电商,9783471434558,103,2908.41
2025-06-30,2025,6,线上电商,9782316658760,197,8585.16
2025-06-30,2025,6,线上电商,9789096705466,109,5978.7
2025-06-30,2025,6,线上电商,9784670656272,110,7688.51
2025-06-30,2025,6,线上电商,9789016272046,74,3528.06
2025-06-30,2025,6,线上电商,9786464170805,250,11043.62
2025-06-30,2025,6,线上电商,9780330923271,65,3622.19
2025-06-30,2025,6,线上电商,9784529912419,187,6998.57
2025-06-30,2025,6,线上电商,9783193149190,89,4303.73
2025-06-30,2025,6,线上电商,9788506716572,237,12171.61
2025-06-30,2025,6,线上电商,9786945314737,119,6654.66
2025-06-30,2025,6,线下书店,9781043321819,115,6214.14
2025-06-30,2025,6,线下书店,9783890838637,34,2053.31
2025-06-30,2025,6,线下书店,9786542351161,23,1187.77
2025-06-30,2025,6,线下书店,9780781618495,80,4794.84
2025-06-30,2025,6,线下书店,9783413164752,100,5206.95
2025-06-30,2025,6,线下书店,9781928327648,80,3707.28
2025-06-30,2025,6,线下书店,9780564139537,33,1750.27
2025-06-30,2025,6,线下书店,9782388496965,53,2455.57
2025-06-30,2025,6,线下书店,9780122691669,52,3944.1
2025-06-30,2025,6,线下书店,9781845146270,72,5345.46
2025-06-30,2025,6,线下书店,9781489325288,16,1318.45
2025-06-30,2025,6,线下书店,9781543039117,88,6908.7
2025-06-30,2025,6,线下书店,9787824896383,18,1342.69
2025-06-30,2025,6,线下书店,9788713315098,42,2362.08
2025-06-30,2025,6,线下书店,9780310518347,102,5675.43
2025-06-30,2025,6,线下书店,9787631165667,51,4096.45
2025-06-30,2025,6,线下书店,9786513338726,52,2832.6
2025-06-30,2025,6,线下书店,9781781080132,82,5161.65
2025-06-30,2025,6,线下书店,9786026064746,106,7840.5
2025-06-30,2025,6,线下书店,9784309805009,97,6364.8
2025-06-30,2025,6,线下书店,9788121913619,69,5234.17
2025-06-30,2025,6,线下书店,9789985435346,39,2787.64
2025-06-30,2025,6,线下书店,9781079911838,50,3828.97
2025-06-30,2025,6,线下书店,9783542784980,30,2756.23
2025-06-30,2025,6,线下书店,9782411824493,77,7219.9
2025-06-30,2025,6,线下书店,9787401640052,30,2721.18
2025-06-30,2025,6,线下书店,9787868011280,80,7856.88
2025-06-30,2025,6,线下书店,9780450533158,36,3603.65
2025-06-30,2025,6,线下书店,9783226025634,30,2176.55
2025-06-30,2025,6,线下书店,9780733754330,65,5952.7
2025-06-30,2025,6,线下书店,9781458685014,47,1658.3
2025-06-30,2025,6,线下书店,9789655698169,77,2750.44
2025-06-30,2025,6,线下书店,9788835615951,72,4021.24
2025-06-30,2025,6,线下书店,9786564823662,156,8094.68
2025-06-30,2025,6,线下书店,9780443699577,107,4847.69
2025-06-30,2025,6,线下书店,9782148951343,88,5204.94
2025-06-30,2025,6,线下书店,9783791769367,135,5898.22
2025-06-30,2025,6,线下书店,9781632870831,64,2934.21
2025-06-30,2025,6,线下书店,9787986872774,126,7190.38
2025-06-30,2025,6,线下书店,9783471434558,71,2240.69
2025-06-30,2025,6,线下书店,9782316658760,50,2435.32
2025-06-30,2025,6,线下书店,9789096705466,107,6559.47
2025-06-30,2025,6,线下书店,9784670656272,155,12108.37
2025-06-30,2025,6,线下书店,9789016272046,66,3516.84
2025-06-30,2025,6,线下书店,9786464170805,36,1777.37
2025-06-30,2025,6,线下书店,9780330923271,106,6601.89
2025-06-30,2025,6,线下书店,9784529912419,66,2760.68
2025-06-30,2025,6,线下书店,9783193149190,63,3404.87
2025-06-30,2025,6,线下书店,9788506716572,42,2410.76
2025-06-30,2025,6,线下书店,9786945314737,103,6437.55
2025-06-30,2025,6,馆配,9781043321819,12,511.92
2025-06-30,2025,6,馆配,9783890838637,39,1859.42
2025-06-30,2025,6,馆配,9786542351161,79,3220.83
2025-06-30,2025,6,馆配,9780781618495,80,3785.4
2025-06-30,2025,6,馆配,9783413164752,10,411.08
2025-06-30,2025,6,馆配,9781928327648,37,1353.64
2025-06-30,2025,6,馆配,9780564139537,41,1716.77
2025-06-30,2025,6,馆配,9782388496965,61,2231.23
2025-06-30,2025,6,馆配,9780122691669,76,4550.88
2025-06-30,2025,6,馆配,9781845146270,84,4923.45
2025-06-30,2025,6,馆配,9781489325288,29,1886.6
2025-06-30,2025,6,馆配,9781543039117,20,1239.6
2025-06-30,2025,6,馆配,9787824896383,62,3651.18
2025-06-30,2025,6,馆配,9788713315098,19,843.6
2025-06-30,2025,6,馆配,9780310518347,47,2064.59
2025-06-30,2025,6,馆配,9787631165667,54,3424.27
2025-06-30,2025,6,馆配,9786513338726,49,2107.25
2025-06-30,2025,6,馆配,9781781080132,35,1739.33
2025-06-30,2025,6,馆配,9786026064746,27,1576.66
2025-06-30,2025,6,馆配,9784309805009,26,1346.86
2025-06-30,2025,6,馆配,9788121913619,73,4371.79
2025-06-30,2025,6,馆配,9789985435346,12,677.16
2025-06-30,2025,6,馆配,9781079911838,35,2116.01
2025-06-30,2025,6,馆配,9783542784980,19,1378.12
2025-06-30,2025,6,馆配,9782411824493,63,4663.58
2025-06-30,2025,6,馆配,9787401640052,60,4296.6
2025-06-30,2025,6,馆配,9787868011280,32,2481.12
2025-06-30,2025,6,馆配,9780450533158,31,2449.85
2025-06-30,2025,6,馆配,9783226025634,19,1088.27
2025-06-30,2025,6,馆配,9780733754330,54,3904.2
2025-06-30,2025,6,馆配,9781458685014,72,2005.56
2025-06-30,2025,6,馆配,9789655698169,66,1861.2
2025-06-30,2025,6,馆配,9788835615951,16,705.48
2025-06-30,2025,6,馆配,9786564823662,66,2703.69
2025-06-30,2025,6,馆配,9780443699577,66,2360.65
2025-06-30,2025,6,馆配,9782148951343,31,1447.55
2025-06-30,2025,6,馆配,9783791769367,35,1207.24
2025-06-30,2025,6,馆配,9781632870831,29,1049.65
2025-06-30,2025,6,馆配,9787986872774,20,901.05
2025-06-30,2025,6,馆配,9783471434558,64,1594.56
2025-06-30,2025,6,馆配,9782316658760,60,2307.15
2025-06-30,2025,6,馆配,9789096705466,61,2952.25
2025-06-30,2025,6,馆配,9784670656272,86,5303.84
2025-06-30,2025,6,馆配,9789016272046,35,1472.36
2025-06-30,2025,6,馆配,9786464170805,12,467.73
2025-06-30,2025,6,馆配,9780330923271,41,2015.97
2025-06-30,2025,6,馆配,9784529912419,50,1651.12
2025-06-30,2025,6,馆配,9783193149190,93,3968.08
2025-06-30,2025,6,馆配,9788506716572,132,5981.58
2025-06-30,2025,6,馆配,9786945314737,99,4884.91
2025-07-30,2025,7,线上电商,9781043321819,126,6091.85
2025-07-30,2025,7,线上电商,9783890838637,39,2107.35
2025-07-30,2025,7,线上电商,9786542351161,47,2171.68
2025-07-30,2025,7,线上电商,9780781618495,86,4611.88
2025-07-30,2025,7,线上电商,9783413164752,29,1351.07
2025-07-30,2025,7,线上电商,9781928327648,131,5431.65
2025-07-30,2025,7,线上电商,9780564139537,68,3226.97
2025-07-30,2025,7,线上电商,9782388496965,94,3896.72
2025-07-30,2025,7,线上电商,9780122691669,173,11740.47
2025-07-30,2025,7,线上电商,9781845146270,130,8635.57
2025-07-30,2025,7,线上电商,9781489325288,153,11280.54
2025-07-30,2025,7,线上电商,9781543039117,107,7516.11
2025-07-30,2025,7,线上电商,9787824896383,63,4204.75
2025-07-30,2025,7,线上电商,9788713315098,26,1308.32
2025-07-30,2025,7,线上电商,9780310518347,21,1045.47
2025-07-30,2025,7,线上电商,9787631165667,117,8408.5
2025-07-30,2025,7,线上电商,9786513338726,58,2826.86
2025-07-30,2025,7,线上电商,9781781080132,24,1351.7
2025-07-30,2025,7,线上电商,9786026064746,119,7875.54
2025-07-30,2025,7,线上电商,9784309805009,89,5225.15
2025-07-30,2025,7,线上电商,9788121913619,91,6176.4
2025-07-30,2025,7,线上电商,9789985435346,56,3581.42
2025-07-30,2025,7,线上电商,9781079911838,46,3151.85
2025-07-30,2025,7,线上电商,9783542784980,26,2137.29
2025-07-30,2025,7,线上电商,9782411824493,24,2013.48
2025-07-30,2025,7,线上电商,9787401640052,62,5031.8
2025-07-30,2025,7,线上电商,9787868011280,44,3866.41
2025-07-30,2025,7,线上电商,9780450533158,131,11732.95
2025-07-30,2025,7,线上电商,9783226025634,96,6231.79
2025-07-30,2025,7,线上电商,9780733754330,116,9505.04
2025-07-30,2025,7,线上电商,9781458685014,66,2083.55
2025-07-30,2025,7,线上电商,9789655698169,198,6328.08
2025-07-30,2025,7,线上电商,9788835615951,139,6946.04
2025-07-30,2025,7,线上电商,9786564823662,33,1532.09
2025-07-30,2025,7,线上电商,9780443699577,154,6242.62
2025-07-30,2025,7,线上电商,9782148951343,118,6244.68
2025-07-30,2025,7,线上电商,9783791769367,161,6293.73
2025-07-30,2025,7,线上电商,9781632870831,37,1517.78
2025-07-30,2025,7,线上电商,9787986872774,39,1991.32
2025-07-30,2025,7,线上电商,9783471434558,39,1101.24
2025-07-30,2025,7,线上电商,9782316658760,122,5316.7
2025-07-30,2025,7,线上电商,9789096705466,118,6472.36
2025-07-30,2025,7,线上电商,9784670656272,97,6779.86
2025-07-30,2025,7,线上电商,9789016272046,55,2622.21
2025-07-30,2025,7,线上电商,9786464170805,147,6493.65
2025-07-30,2025,7,线上电商,9780330923271,195,10866.57
2025-07-30,2025,7,线上电商,9784529912419,162,6062.93
2025-07-30,2025,7,线上电商,9783193149190,100,4835.65
2025-07-30,2025,7,线上电商,9788506716572,78,4005.85
2025-07-30,2025,7,线上电商,9786945314737,220,12302.73
2025-07-30,2025,7,线下书店,9781043321819,120,6484.32
2025-07-30,2025,7,线下书店,9783890838637,84,5072.89
2025-07-30,2025,7,线下书店,9786542351161,38,1962.4
2025-07-30,2025,7,线下书店,9780781618495,75,4495.16
2025-07-30,2025,7,线下书店,9783413164752,108,5623.51
2025-07-30,2025,7,线下书店,9781928327648,95,4402.4
2025-07-30,2025,7,线下书店,9780564139537,53,2811.04
2025-07-30,2025,7,线下书店,9782388496965,35,1621.6
2025-07-30,2025,7,线下书店,9780122691669,77,5840.3
2025-07-30,2025,7,线下书店,9781845146270,50,3712.13
2025-07-30,2025,7,线下书店,9781489325288,12,988.84
2025-07-30,2025,7,线下书店,9781543039117,20,1570.16
2025-07-30,2025,7,线下书店,9787824896383,29,2163.23
2025-07-30,2025,7,线下书店,9788713315098,33,1855.92
2025-07-30,2025,7,线下书店,9780310518347,68,3783.62
2025-07-30,2025,7,线下书店,9787631165667,63,5060.32
2025-07-30,2025,7,线下书店,9786513338726,68,3704.16
2025-07-30,2025,7,线下书店,9781781080132,65,4091.56
2025-07-30,2025,7,线下书店,9786026064746,60,4438.02
2025-07-30,2025,7,线下书店,9784309805009,47,3083.98
2025-07-30,2025,7,线下书店,9788121913619,48,3641.16
2025-07-30,2025,7,线下书店,9789985435346,13,929.21
2025-07-30,2025,7,线下书店,9781079911838,48,3675.82
2025-07-30,2025,7,线下书店,9783542784980,42,3858.73
2025-07-30,2025,7,线下书店,9782411824493,42,3938.13
2025-07-30,2025,7,线下书店,9787401640052,57,5170.24
2025-07-30,2025,7,线下书店,9787868011280,75,7365.82
2025-07-30,2025,7,线下书店,9780450533158,28,2802.84
2025-07-30,2025,7,线下书店,9783226025634,90,6529.64
2025-07-30,2025,7,线下书店,9780733754330,15,1373.7
2025-07-30,2025,7,线下书店,9781458685014,75,2646.22
2025-07-30,2025,7,线下书店,9789655698169,91,3250.52
2025-07-30,2025,7,线下书店,9788835615951,34,1898.92
2025-07-30,2025,7,线下书店,9786564823662,95,4929.45
2025-07-30,2025,7,线下书店,9780443699577,36,1631.0
2025-07-30,2025,7,线下书店,9782148951343,142,8398.87
2025-07-30,2025,7,线下书店,9783791769367,24,1048.57
2025-07-30,2025,7,线下书店,9781632870831,121,5547.49
2025-07-30,2025,7,线下书店,9787986872774,78,4451.19
2025-07-30,2025,7,线下书店,9783471434558,86,2714.07
2025-07-30,2025,7,线下书店,9782316658760,58,2824.98
2025-07-30,2025,7,线下书店,9789096705466,20,1226.07
2025-07-30,2025,7,线下书店,9784670656272,127,9921.05
2025-07-30,2025,7,线下书店,9789016272046,46,2451.13
2025-07-30,2025,7,线下书店,9786464170805,28,1382.4
2025-07-30,2025,7,线下书店,9780330923271,76,4733.43
2025-07-30,2025,7,线下书店,9784529912419,77,3220.79
2025-07-30,2025,7,线下书店,9783193149190,174,9403.92
2025-07-30,2025,7,线下书店,9788506716572,31,1779.37
2025-07-30,2025,7,线下书店,9786945314737,54,3375.03
2025-07-30,2025,7,馆配,9781043321819,64,2730.24
2025-07-30,2025,7,馆配,9783890838637,15,715.16
2025-07-30,2025,7,馆配,9786542351161,84,3424.68
2025-07-30,2025,7,馆配,9780781618495,18,851.72
2025-07-30,2025,7,馆配,9783413164752,47,1932.05
2025-07-30,2025,7,馆配,9781928327648,46,1682.91
2025-07-30,2025,7,馆配,9780564139537,51,2135.5
2025-07-30,2025,7,馆配,9782388496965,50,1828.88
2025-07-30,2025,7,馆配,9780122691669,62,3712.56
2025-07-30,2025,7,馆配,9781845146270,27,1582.54
2025-07-30,2025,7,馆配,9781489325288,28,1821.54
2025-07-30,2025,7,馆配,9781543039117,56,3470.88
2025-07-30,2025,7,馆配,9787824896383,23,1354.47
2025-07-30,2025,7,馆配,9788713315098,58,2575.2
2025-07-30,2025,7,馆配,9780310518347,72,3162.78
2025-07-30,2025,7,馆配,9787631165667,33,2092.61
2025-07-30,2025,7,馆配,9786513338726,37,1591.18
2025-07-30,2025,7,馆配,9781781080132,63,3130.78
2025-07-30,2025,7,馆配,9786026064746,85,4963.58
2025-07-30,2025,7,馆配,9784309805009,71,3677.98
2025-07-30,2025,7,馆配,9788121913619,34,2036.17
2025-07-30,2025,7,馆配,9789985435346,17,959.31
2025-07-30,2025,7,馆配,9781079911838,13,785.95
2025-07-30,2025,7,馆配,9783542784980,23,1668.25
2025-07-30,2025,7,馆配,9782411824493,54,3997.35
2025-07-30,2025,7,馆配,9787401640052,37,2649.57
2025-07-30,2025,7,馆配,9787868011280,18,1395.63
2025-07-30,2025,7,馆配,9780450533158,9,711.25
2025-07-30,2025,7,馆配,9783226025634,54,3092.99
2025-07-30,2025,7,馆配,9780733754330,42,3036.6
2025-07-30,2025,7,馆配,9781458685014,47,1309.18
2025-07-30,2025,7,馆配,9789655698169,42,1184.4
2025-07-30,2025,7,馆配,9788835615951,33,1455.05
2025-07-30,2025,7,馆配,9786564823662,26,1065.09
2025-07-30,2025,7,馆配,9780443699577,64,2289.12
2025-07-30,2025,7,馆配,9782148951343,81,3782.29
2025-07-30,2025,7,馆配,9783791769367,53,1828.1
2025-07-30,2025,7,馆配,9781632870831,41,1483.99
2025-07-30,2025,7,馆配,9787986872774,45,2027.36
2025-07-30,2025,7,馆配,9783471434558,29,722.53
2025-07-30,2025,7,馆配,9782316658760,60,2307.15
2025-07-30,2025,7,馆配,9789096705466,87,4210.58
2025-07-30,2025,7,馆配,9784670656272,18,1110.11
2025-07-30,2025,7,馆配,9789016272046,72,3028.86
2025-07-30,2025,7,馆配,9786464170805,111,4326.5
2025-07-30,2025,7,馆配,9780330923271,43,2114.31
2025-07-30,2025,7,馆配,9784529912419,61,2014.37
2025-07-30,2025,7,馆配,9783193149190,23,981.35
2025-07-30,2025,7,馆配,9788506716572,42,1903.23
2025-07-30,2025,7,馆配,9786945314737,95,4687.54
2025-08-29,2025,8,线上电商,9781043321819,39,1885.57
2025-08-29,2025,8,线上电商,9783890838637,81,4376.79
2025-08-29,2025,8,线上电商,9786542351161,180,8317.08
2025-08-29,2025,8,线上电商,9780781618495,35,1876.93
2025-08-29,2025,8,线上电商,9783413164752,78,3633.9
2025-08-29,2025,8,线上电商,9781928327648,146,6053.6
2025-08-29,2025,8,线上电商,9780564139537,40,1898.22
2025-08-29,2025,8,线上电商,9782388496965,168,6964.36
2025-08-29,2025,8,线上电商,9780122691669,109,7397.18
2025-08-29,2025,8,线上电商,9781845146270,124,8237.01
2025-08-29,2025,8,线上电商,9781489325288,59,4350.01
2025-08-29,2025,8,线上电商,9781543039117,68,4776.59
2025-08-29,2025,8,线上电商,9787824896383,98,6540.72
2025-08-29,2025,8,线上电商,9788713315098,101,5082.32
2025-08-29,2025,8,线上电商,9780310518347,86,4281.47
2025-08-29,2025,8,线上电商,9787631165667,91,6539.94
2025-08-29,2025,8,线上电商,9786513338726,125,6092.38
2025-08-29,2025,8,线上电商,9781781080132,68,3829.83
2025-08-29,2025,8,线上电商,9786026064746,84,5559.2
2025-08-29,2025,8,线上电商,9784309805009,142,8336.75
2025-08-29,2025,8,线上电商,9788121913619,45,3054.26
2025-08-29,2025,8,线上电商,9789985435346,65,4157.01
2025-08-29,2025,8,线上电商,9781079911838,126,8633.33
2025-08-29,2025,8,线上电商,9783542784980,22,1808.48
2025-08-29,2025,8,线上电商,9782411824493,27,2265.16
2025-08-29,2025,8,线上电商,9787401640052,85,6898.43
2025-08-29,2025,8,线上电商,9787868011280,109,9578.16
2025-08-29,2025,8,线上电商,9780450533158,34,3045.19
2025-08-29,2025,8,线上电商,9783226025634,34,2207.09
2025-08-29,2025,8,线上电商,9780733754330,39,3195.66
2025-08-29,2025,8,线上电商,9781458685014,21,662.95
2025-08-29,2025,8,线上电商,9789655698169,65,2077.4
2025-08-29,2025,8,线上电商,9788835615951,95,4747.29
2025-08-29,2025,8,线上电商,9786564823662,67,3110.61
2025-08-29,2025,8,线上电商,9780443699577,105,4256.33
2025-08-29,2025,8,线上电商,9782148951343,75,3969.07
2025-08-29,2025,8,线上电商,9783791769367,58,2267.31
2025-08-29,2025,8,线上电商,9781632870831,114,4676.39
2025-08-29,2025,8,线上电商,9787986872774,107,5463.37
2025-08-29,2025,8,线上电商,9783471434558,90,2541.33
2025-08-29,2025,8,线上电商,9782316658760,116,5055.22
2025-08-29,2025,8,线上电商,9789096705466,153,8392.13
2025-08-29,2025,8,线上电商,9784670656272,122,8527.25
2025-08-29,2025,8,线上电商,9789016272046,110,5244.41
2025-08-29,2025,8,线上电商,9786464170805,131,5786.86
2025-08-29,2025,8,线上电商,9780330923271,46,2563.4
2025-08-29,2025,8,线上电商,9784529912419,45,1684.15
2025-08-29,2025,8,线上电商,9783193149190,133,6431.41
2025-08-29,2025,8,线上电商,9788506716572,91,4673.49
2025-08-29,2025,8,线上电商,9786945314737,52,2907.92
2025-08-29,2025,8,线下书店,9781043321819,40,2161.44
2025-08-29,2025,8,线下书店,9783890838637,37,2234.49
2025-08-29,2025,8,线下书店,9786542351161,17,877.91
2025-08-29,2025,8,线下书店,9780781618495,34,2037.81
2025-08-29,2025,8,线下书店,9783413164752,77,4009.35
2025-08-29,2025,8,线下书店,9781928327648,79,3660.94
2025-08-29,2025,8,线下书店,9780564139537,92,4879.54
2025-08-29,2025,8,线下书店,9782388496965,46,2131.25
2025-08-29,2025,8,线下书店,9780122691669,31,2351.29
2025-08-29,2025,8,线下书店,9781845146270,25,1856.06
2025-08-29,2025,8,线下书店,9781489325288,67,5521.0
2025-08-29,2025,8,线下书店,9781543039117,20,1570.16
2025-08-29,2025,8,线下书店,9787824896383,20,1491.88
2025-08-29,2025,8,线下书店,9788713315098,41,2305.84
2025-08-29,2025,8,线下书店,9780310518347,15,834.62
2025-08-29,2025,8,线下书店,9787631165667,29,2329.35
2025-08-29,2025,8,线下书店,9786513338726,50,2723.65
2025-08-29,2025,8,线下书店,9781781080132,18,1133.05
2025-08-29,2025,8,线下书店,9786026064746,45,3328.51
2025-08-29,2025,8,线下书店,9784309805009,88,5774.25
2025-08-29,2025,8,线下书店,9788121913619,27,2048.15
2025-08-29,2025,8,线下书店,9789985435346,13,929.21
2025-08-29,2025,8,线下书店,9781079911838,15,1148.69
2025-08-29,2025,8,线下书店,9783542784980,83,7625.58
2025-08-29,2025,8,线下书店,9782411824493,24,2250.36
2025-08-29,2025,8,线下书店,9787401640052,77,6984.36
2025-08-29,2025,8,线下书店,9787868011280,29,2848.12
2025-08-29,2025,8,线下书店,9780450533158,83,8308.42
2025-08-29,2025,8,线下书店,9783226025634,30,2176.55
2025-08-29,2025,8,线下书店,9780733754330,54,4945.32
2025-08-29,2025,8,线下书店,9781458685014,111,3916.41
2025-08-29,2025,8,线下书店,9789655698169,74,2643.28
2025-08-29,2025,8,线下书店,9788835615951,54,3015.93
2025-08-29,2025,8,线下书店,9786564823662,103,5344.57
2025-08-29,2025,8,线下书店,9780443699577,65,2944.86
2025-08-29,2025,8,线下书店,9782148951343,43,2543.32
2025-08-29,2025,8,线下书店,9783791769367,30,1310.71
2025-08-29,2025,8,线下书店,9781632870831,82,3759.45
2025-08-29,2025,8,线下书店,9787986872774,40,2282.66
2025-08-29,2025,8,线下书店,9783471434558,21,662.74
2025-08-29,2025,8,线下书店,9782316658760,38,1850.85
2025-08-29,2025,8,线下书店,9789096705466,101,6191.65
2025-08-29,2025,8,线下书店,9784670656272,60,4687.11
2025-08-29,2025,8,线下书店,9789016272046,106,5648.26
2025-08-29,2025,8,线下书店,9786464170805,91,4492.81
2025-08-29,2025,8,线下书店,9780330923271,127,7909.81
2025-08-29,2025,8,线下书店,9784529912419,82,3429.94
2025-08-29,2025,8,线下书店,9783193149190,62,3350.82
2025-08-29,2025,8,线下书店,9788506716572,134,7691.47
2025-08-29,2025,8,线下书店,9786945314737,49,3062.52
2025-08-29,2025,8,馆配,9781043321819,39,1663.74
2025-08-29,2025,8,馆配,9783890838637,19,905.87
2025-08-29,2025,8,馆配,9786542351161,89,3628.53
2025-08-29,2025,8,馆配,9780781618495,21,993.67
2025-08-29,2025,8,馆配,9783413164752,86,3535.24
2025-08-29,2025,8,馆配,9781928327648,76,2780.46
2025-08-29,2025,8,馆配,9780564139537,46,1926.13
2025-08-29,2025,8,馆配,9782388496965,88,3218.82
2025-08-29,2025,8,馆配,9780122691669,38,2275.44
2025-08-29,2025,8,馆配,9781845146270,31,1816.99
2025-08-29,2025,8,馆配,9781489325288,55,3578.02
2025-08-29,2025,8,馆配,9781543039117,37,2293.26
2025-08-29,2025,8,馆配,9787824896383,30,1766.7
2025-08-29,2025,8,馆配,9788713315098,30,1332.0
2025-08-29,2025,8,馆配,9780310518347,30,1317.82
2025-08-29,2025,8,馆配,9787631165667,87,5516.89
2025-08-29,2025,8,馆配,9786513338726,61,2623.31
2025-08-29,2025,8,馆配,9781781080132,63,3130.78
2025-08-29,2025,8,馆配,9786026064746,58,3386.91
2025-08-29,2025,8,馆配,9784309805009,13,673.43
2025-08-29,2025,8,馆配,9788121913619,13,778.54
2025-08-29,2025,8,馆配,9789985435346,70,3950.1
2025-08-29,2025,8,馆配,9781079911838,13,785.95
2025-08-29,2025,8,馆配,9783542784980,35,2538.64
2025-08-29,2025,8,馆配,9782411824493,57,4219.43
2025-08-29,2025,8,馆配,9787401640052,47,3365.67
2025-08-29,2025,8,馆配,9787868011280,30,2326.05
2025-08-29,2025,8,馆配,9780450533158,17,1343.47
2025-08-29,2025,8,馆配,9783226025634,25,1431.94
2025-08-29,2025,8,馆配,9780733754330,48,3470.4
2025-08-29,2025,8,馆配,9781458685014,57,1587.74
2025-08-29,2025,8,馆配,9789655698169,47,1325.4
2025-08-29,2025,8,馆配,9788835615951,32,1410.96
2025-08-29,2025,8,馆配,9786564823662,46,1884.39
2025-08-29,2025,8,馆配,9780443699577,27,965.72
2025-08-29,2025,8,馆配,9782148951343,24,1120.68
2025-08-29,2025,8,馆配,9783791769367,83,2862.88
2025-08-29,2025,8,馆配,9781632870831,64,2316.48
2025-08-29,2025,8,馆配,9787986872774,93,4189.88
2025-08-29,2025,8,馆配,9783471434558,108,2690.82
2025-08-29,2025,8,馆配,9782316658760,58,2230.25
2025-08-29,2025,8,馆配,9789096705466,97,4694.56
2025-08-29,2025,8,馆配,9784670656272,103,6352.27
2025-08-29,2025,8,馆配,9789016272046,88,3701.94
2025-08-29,2025,8,馆配,9786464170805,77,3001.27
2025-08-29,2025,8,馆配,9780330923271,60,2950.2
2025-08-29,2025,8,馆配,9784529912419,34,1122.76
2025-08-29,2025,8,馆配,9783193149190,17,725.35
2025-08-29,2025,8,馆配,9788506716572,85,3851.77
2025-08-29,2025,8,馆配,9786945314737,39,1924.36
2025-09-28,2025,9,线上电商,9781043321819,97,4689.76
2025-09-28,2025,9,线上电商,9783890838637,153,8267.28
2025-09-28,2025,9,线上电商,9786542351161,152,7023.31
2025-09-28,2025,9,线上电商,9780781618495,146,7829.47
2025-09-28,2025,9,线上电商,9783413164752,283,13184.55
2025-09-28,2025,9,线上电商,9781928327648,146,6053.6
2025-09-28,2025,9,线上电商,9780564139537,145,6881.05
2025-09-28,2025,9,线上电商,9782388496965,252,10446.53
2025-09-28,2025,9,线上电商,9780122691669,146,9908.14
2025-09-28,2025,9,线上电商,9781845146270,55,3653.51
2025-09-28,2025,9,线上电商,9781489325288,58,4276.28
2025-09-28,2025,9,线上电商,9781543039117,70,4917.08
2025-09-28,2025,9,线上电商,9787824896383,68,4538.46
2025-09-28,2025,9,线上电商,9788713315098,61,3069.52
2025-09-28,2025,9,线上电商,9780310518347,134,6671.12
2025-09-28,2025,9,线上电商,9787631165667,96,6899.28
2025-09-28,2025,9,线上电商,9786513338726,105,5117.6
2025-09-28,2025,9,线上电商,9781781080132,93,5237.85
2025-09-28,2025,9,线上电商,9786026064746,36,2382.52
2025-09-28,2025,9,线上电商,9784309805009,56,3287.73
2025-09-28,2025,9,线上电商,9788121913619,60,4072.35
2025-09-28,2025,9,线上电商,9789985435346,75,4796.55
2025-09-28,2025,9,线上电商,9781079911838,53,3631.48
2025-09-28,2025,9,线上电商,9783542784980,32,2630.51
2025-09-28,2025,9,线上电商,9782411824493,126,10570.77
2025-09-28,2025,9,线上电商,9787401640052,115,9333.17
2025-09-28,2025,9,线上电商,9787868011280,46,4042.16
2025-09-28,2025,9,线上电商,9780450533158,133,11912.08
2025-09-28,2025,9,线上电商,9783226025634,29,1882.52
2025-09-28,2025,9,线上电商,9780733754330,151,12372.94
2025-09-28,2025,9,线上电商,9781458685014,168,5303.59
2025-09-28,2025,9,线上电商,9789655698169,165,5273.4
2025-09-28,2025,9,线上电商,9788835615951,193,9644.5
2025-09-28,2025,9,线上电商,9786564823662,40,1857.08
2025-09-28,2025,9,线上电商,9780443699577,313,12687.92
2025-09-28,2025,9,线上电商,9782148951343,181,9578.7
2025-09-28,2025,9,线上电商,9783791769367,206,8052.85
2025-09-28,2025,9,线上电商,9781632870831,141,5783.96
2025-09-28,2025,9,线上电商,9787986872774,195,9956.6
2025-09-28,2025,9,线上电商,9783471434558,137,3868.47
2025-09-28,2025,9,线上电商,9782316658760,68,2963.41
2025-09-28,2025,9,线上电商,9789096705466,429,23530.86
2025-09-28,2025,9,线上电商,9784670656272,177,12371.5
2025-09-28,2025,9,线上电商,9789016272046,192,9153.89
2025-09-28,2025,9,线上电商,9786464170805,186,8216.46
2025-09-28,2025,9,线上电商,9780330923271,310,17275.06
2025-09-28,2025,9,线上电商,9784529912419,229,8570.44
2025-09-28,2025,9,线上电商,9783193149190,336,16247.78
2025-09-28,2025,9,线上电商,9788506716572,215,11041.76
2025-09-28,2025,9,线上电商,9786945314737,251,14036.3
2025-09-28,2025,9,线下书店,9781043321819,169,9132.08
2025-09-28,2025,9,线下书店,9783890838637,44,2657.23
2025-09-28,2025,9,线下书店,9786542351161,95,4905.99
2025-09-28,2025,9,线下书店,9780781618495,72,4315.36
2025-09-28,2025,9,线下书店,9783413164752,116,6040.06
2025-09-28,2025,9,线下书店,9781928327648,142,6580.42
2025-09-28,2025,9,线下书店,9780564139537,50,2651.92
2025-09-28,2025,9,线下书店,9782388496965,29,1343.61
2025-09-28,2025,9,线下书店,9780122691669,176,13349.25
2025-09-28,2025,9,线下书店,9781845146270,141,10468.19
2025-09-28,2025,9,线下书店,9781489325288,49,4037.75
2025-09-28,2025,9,线下书店,9781543039117,101,7929.31
2025-09-28,2025,9,线下书店,9787824896383,103,7683.18
2025-09-28,2025,9,线下书店,9788713315098,48,2699.52
2025-09-28,2025,9,线下书店,9780310518347,70,3894.9
2025-09-28,2025,9,线下书店,9787631165667,131,10522.25
2025-09-28,2025,9,线下书店,9786513338726,103,5610.72
2025-09-28,2025,9,线下书店,9781781080132,25,1573.68
2025-09-28,2025,9,线下书店,9786026064746,108,7988.44
2025-09-28,2025,9,线下书店,9784309805009,24,1574.8
2025-09-28,2025,9,线下书店,9788121913619,24,1820.58
2025-09-28,2025,9,线下书店,9789985435346,38,2716.16
2025-09-28,2025,9,线下书店,9781079911838,47,3599.24
2025-09-28,2025,9,线下书店,9783542784980,111,10198.07
2025-09-28,2025,9,线下书店,9782411824493,85,7970.02
2025-09-28,2025,9,线下书店,9787401640052,90,8163.54
2025-09-28,2025,9,线下书店,9787868011280,109,10705.0
2025-09-28,2025,9,线下书店,9780450533158,34,3403.45
2025-09-28,2025,9,线下书店,9783226025634,21,1523.58
2025-09-28,2025,9,线下书店,9780733754330,41,3754.78
2025-09-28,2025,9,线下书店,9781458685014,61,2152.26
2025-09-28,2025,9,线下书店,9789655698169,124,4429.28
2025-09-28,2025,9,线下书店,9788835615951,53,2960.08
2025-09-28,2025,9,线下书店,9786564823662,40,2075.56
2025-09-28,2025,9,线下书店,9780443699577,45,2038.75
2025-09-28,2025,9,线下书店,9782148951343,81,4790.91
2025-09-28,2025,9,线下书店,9783791769367,45,1966.07
2025-09-28,2025,9,线下书店,9781632870831,47,2154.81
2025-09-28,2025,9,线下书店,9787986872774,213,12155.16
2025-09-28,2025,9,线下书店,9783471434558,82,2587.84
2025-09-28,2025,9,线下书店,9782316658760,184,8962.0
2025-09-28,2025,9,线下书店,9789096705466,70,4291.24
2025-09-28,2025,9,线下书店,9784670656272,256,19998.34
2025-09-28,2025,9,线下书店,9789016272046,196,10443.96
2025-09-28,2025,9,线下书店,9786464170805,214,10565.5
2025-09-28,2025,9,线下书店,9780330923271,159,9902.84
2025-09-28,2025,9,线下书店,9784529912419,152,6357.93
2025-09-28,2025,9,线下书店,9783193149190,162,8755.37
2025-09-28,2025,9,线下书店,9788506716572,97,5567.7
2025-09-28,2025,9,线下书店,9786945314737,207,12937.6
2025-09-28,2025,9,馆配,9781043321819,42,1791.72
2025-09-28,2025,9,馆配,9783890838637,44,2097.81
2025-09-28,2025,9,馆配,9786542351161,36,1467.72
2025-09-28,2025,9,馆配,9780781618495,21,993.67
2025-09-28,2025,9,馆配,9783413164752,114,4686.26
2025-09-28,2025,9,馆配,9781928327648,102,3731.67
2025-09-28,2025,9,馆配,9780564139537,72,3014.82
2025-09-28,2025,9,馆配,9782388496965,23,841.28
2025-09-28,2025,9,馆配,9780122691669,86,5149.68
2025-09-28,2025,9,馆配,9781845146270,92,5392.35
2025-09-28,2025,9,馆配,9781489325288,86,5594.73
2025-09-28,2025,9,馆配,9781543039117,20,1239.6
2025-09-28,2025,9,馆配,9787824896383,72,4240.08
2025-09-28,2025,9,馆配,9788713315098,87,3862.8
2025-09-28,2025,9,馆配,9780310518347,44,1932.81
2025-09-28,2025,9,馆配,9787631165667,43,2726.74
2025-09-28,2025,9,馆配,9786513338726,110,4730.55
2025-09-28,2025,9,馆配,9781781080132,99,4919.81
2025-09-28,2025,9,馆配,9786026064746,40,2335.8
2025-09-28,2025,9,馆配,9784309805009,109,5646.47
2025-09-28,2025,9,馆配,9788121913619,73,4371.79
2025-09-28,2025,9,馆配,9789985435346,52,2934.36
2025-09-28,2025,9,馆配,9781079911838,54,3264.7
2025-09-28,2025,9,馆配,9783542784980,60,4351.95
2025-09-28,2025,9,馆配,9782411824493,10,740.25
2025-09-28,2025,9,馆配,9787401640052,42,3007.62
2025-09-28,2025,9,馆配,9787868011280,53,4109.35
2025-09-28,2025,9,馆配,9780450533158,16,1264.44
2025-09-28,2025,9,馆配,9783226025634,51,2921.15
2025-09-28,2025,9,馆配,9780733754330,41,2964.3
2025-09-28,2025,9,馆配,9781458685014,84,2339.82
2025-09-28,2025,9,馆配,9789655698169,124,3496.8
2025-09-28,2025,9,馆配,9788835615951,32,1410.96
2025-09-28,2025,9,馆配,9786564823662,109,4465.18
2025-09-28,2025,9,馆配,9780443699577,121,4327.87
2025-09-28,2025,9,馆配,9782148951343,75,3502.12
2025-09-28,2025,9,馆配,9783791769367,28,965.79
2025-09-28,2025,9,馆配,9781632870831,16,579.12
2025-09-28,2025,9,馆配,9787986872774,41,1847.15
2025-09-28,2025,9,馆配,9783471434558,107,2665.9
2025-09-28,2025,9,馆配,9782316658760,179,6883.0
2025-09-28,2025,9,馆配,9789096705466,144,6969.24
2025-09-28,2025,9,馆配,9784670656272,141,8695.82
2025-09-28,2025,9,馆配,9789016272046,132,5552.91
2025-09-28,2025,9,馆配,9786464170805,65,2533.54
2025-09-28,2025,9,馆配,9780330923271,116,5703.72
2025-09-28,2025,9,馆配,9784529912419,28,924.63
2025-09-28,2025,9,馆配,9783193149190,32,1365.36
2025-09-28,2025,9,馆配,9788506716572,67,3036.11
2025-09-28,2025,9,馆配,9786945314737,62,3059.24
2025-10-28,2025,10,线上电商,9781043321819,150,7252.2
2025-10-28,2025,10,线上电商,9783890838637,75,4052.59
2025-10-28,2025,10,线上电商,9786542351161,57,2633.74
2025-10-28,2025,10,线上电商,9780781618495,175,9384.64
2025-10-28,2025,10,线上电商,9783413164752,130,6056.51
2025-10-28,2025,10,线上电商,9781928327648,96,3980.45
2025-10-28,2025,10,线上电商,9780564139537,45,2135.5
2025-10-28,2025,10,线上电商,9782388496965,105,4352.72
2025-10-28,2025,10,线上电商,9780122691669,222,15065.81
2025-10-28,2025,10,线上电商,9781845146270,119,7904.87
2025-10-28,2025,10,线上电商,9781489325288,91,6709.34
2025-10-28,2025,10,线上电商,9781543039117,139,9763.92
2025-10-28,2025,10,线上电商,9787824896383,101,6740.94
2025-10-28,2025,10,线上电商,9788713315098,140,7044.8
2025-10-28,2025,10,线上电商,9780310518347,32,1593.1
2025-10-28,2025,10,线上电商,9787631165667,50,3593.38
2025-10-28,2025,10,线上电商,9786513338726,110,5361.29
2025-10-28,2025,10,线上电商,9781781080132,43,2421.8
2025-10-28,2025,10,线上电商,9786026064746,115,7610.81
2025-10-28,2025,10,线上电商,9784309805009,17,998.06
2025-10-28,2025,10,线上电商,9788121913619,40,2714.9
2025-10-28,2025,10,线上电商,9789985435346,45,2877.93
2025-10-28,2025,10,线上电商,9781079911838,40,2740.74
2025-10-28,2025,10,线上电商,9783542784980,39,3205.94
2025-10-28,2025,10,线上电商,9782411824493,110,9228.45
2025-10-28,2025,10,线上电商,9787401640052,32,2597.06
2025-10-28,2025,10,线上电商,9787868011280,68,5975.36
2025-10-28,2025,10,线上电商,9780450533158,81,7254.72
2025-10-28,2025,10,线上电商,9783226025634,141,9152.94
2025-10-28,2025,10,线上电商,9780733754330,41,3359.54
2025-10-28,2025,10,线上电商,9781458685014,98,3093.76
2025-10-28,2025,10,线上电商,9789655698169,120,3835.2
2025-10-28,2025,10,线上电商,9788835615951,82,4097.66
2025-10-28,2025,10,线上电商,9786564823662,123,5710.52
2025-10-28,2025,10,线上电商,9780443699577,89,3607.75
2025-10-28,2025,10,线上电商,9782148951343,140,7408.94
2025-10-28,2025,10,线上电商,9783791769367,147,5746.45
2025-10-28,2025,10,线上电商,9781632870831,129,5291.71
2025-10-28,2025,10,线上电商,9787986872774,150,7658.93
2025-10-28,2025,10,线上电商,9783471434558,150,4235.55
2025-10-28,2025,10,线上电商,9782316658760,149,6493.35
2025-10-28,2025,10,线上电商,9789096705466,209,11463.75
2025-10-28,2025,10,线上电商,9784670656272,102,7129.34
2025-10-28,2025,10,线上电商,9789016272046,95,4529.27
2025-10-28,2025,10,线上电商,9786464170805,147,6493.65
2025-10-28,2025,10,线上电商,9780330923271,73,4068.0
2025-10-28,2025,10,线上电商,9784529912419,239,8944.69
2025-10-28,2025,10,线上电商,9783193149190,76,3675.09
2025-10-28,2025,10,线上电商,9788506716572,148,7600.84
2025-10-28,2025,10,线上电商,9786945314737,156,8723.75
2025-10-28,2025,10,线下书店,9781043321819,59,3188.12
2025-10-28,2025,10,线下书店,9783890838637,110,6643.06
2025-10-28,2025,10,线下书店,9786542351161,47,2427.17
2025-10-28,2025,10,线下书店,9780781618495,55,3296.45
2025-10-28,2025,10,线下书店,9783413164752,89,4634.19
2025-10-28,2025,10,线下书店,9781928327648,79,3660.94
2025-10-28,2025,10,线下书店,9780564139537,59,3129.27
2025-10-28,2025,10,线下书店,9782388496965,83,3845.51
2025-10-28,2025,10,线下书店,9780122691669,54,4095.79
2025-10-28,2025,10,线下书店,9781845146270,39,2895.46
2025-10-28,2025,10,线下书店,9781489325288,16,1318.45
2025-10-28,2025,10,线下书店,9781543039117,61,4788.99
2025-10-28,2025,10,线下书店,9787824896383,26,1939.44
2025-10-28,2025,10,线下书店,9788713315098,99,5567.76
2025-10-28,2025,10,线下书店,9780310518347,53,2949.0
2025-10-28,2025,10,线下书店,9787631165667,36,2891.61
2025-10-28,2025,10,线下书店,9786513338726,58,3159.43
2025-10-28,2025,10,线下书店,9781781080132,17,1070.1
2025-10-28,2025,10,线下书店,9786026064746,46,3402.48
2025-10-28,2025,10,线下书店,9784309805009,58,3805.76
2025-10-28,2025,10,线下书店,9788121913619,21,1593.01
2025-10-28,2025,10,线下书店,9789985435346,54,3859.81
2025-10-28,2025,10,线下书店,9781079911838,79,6049.78
2025-10-28,2025,10,线下书店,9783542784980,84,7717.46
2025-10-28,2025,10,线下书店,9782411824493,50,4688.25
2025-10-28,2025,10,线下书店,9787401640052,10,907.06
2025-10-28,2025,10,线下书店,9787868011280,87,8544.36
2025-10-28,2025,10,线下书店,9780450533158,45,4504.57
2025-10-28,2025,10,线下书店,9783226025634,16,1160.82
2025-10-28,2025,10,线下书店,9780733754330,40,3663.2
2025-10-28,2025,10,线下书店,9781458685014,78,2752.07
2025-10-28,2025,10,线下书店,9789655698169,73,2607.56
2025-10-28,2025,10,线下书店,9788835615951,46,2569.12
2025-10-28,2025,10,线下书店,9786564823662,75,3891.67
2025-10-28,2025,10,线下书店,9780443699577,72,3262.0
2025-10-28,2025,10,线下书店,9782148951343,118,6979.35
2025-10-28,2025,10,线下书店,9783791769367,101,4412.74
2025-10-28,2025,10,线下书店,9781632870831,148,6785.36
2025-10-28,2025,10,线下书店,9787986872774,25,1426.66
2025-10-28,2025,10,线下书店,9783471434558,133,4197.35
2025-10-28,2025,10,线下书店,9782316658760,29,1412.49
2025-10-28,2025,10,线下书店,9789096705466,29,1777.8
2025-10-28,2025,10,线下书店,9784670656272,58,4530.87
2025-10-28,2025,10,线下书店,9789016272046,122,6500.83
2025-10-28,2025,10,线下书店,9786464170805,117,5776.47
2025-10-28,2025,10,线下书店,9780330923271,192,11958.14
2025-10-28,2025,10,线下书店,9784529912419,54,2258.74
2025-10-28,2025,10,线下书店,9783193149190,47,2540.14
2025-10-28,2025,10,线下书店,9788506716572,91,5223.31
2025-10-28,2025,10,线下书店,9786945314737,37,2312.52
2025-10-28,2025,10,馆配,9781043321819,55,2346.3
2025-10-28,2025,10,馆配,9783890838637,49,2336.2
2025-10-28,2025,10,馆配,9786542351161,33,1345.41
2025-10-28,2025,10,馆配,9780781618495,62,2933.69
2025-10-28,2025,10,馆配,9783413164752,35,1438.76
2025-10-28,2025,10,馆配,9781928327648,47,1719.49
2025-10-28,2025,10,馆配,9780564139537,26,1088.68
2025-10-28,2025,10,馆配,9782388496965,88,3218.82
2025-10-28,2025,10,馆配,9780122691669,30,1796.4
2025-10-28,2025,10,馆配,9781845146270,71,4161.49
2025-10-28,2025,10,馆配,9781489325288,63,4098.47
2025-10-28,2025,10,馆配,9781543039117,53,3284.94
2025-10-28,2025,10,馆配,9787824896383,48,2826.72
2025-10-28,2025,10,馆配,9788713315098,61,2708.4
2025-10-28,2025,10,馆配,9780310518347,91,3997.4
2025-10-28,2025,10,馆配,9787631165667,70,4438.88
2025-10-28,2025,10,馆配,9786513338726,36,1548.18
2025-10-28,2025,10,馆配,9781781080132,12,596.34
2025-10-28,2025,10,馆配,9786026064746,43,2510.99
2025-10-28,2025,10,馆配,9784309805009,11,569.83
2025-10-28,2025,10,馆配,9788121913619,39,2335.61
2025-10-28,2025,10,馆配,9789985435346,71,4006.53
2025-10-28,2025,10,馆配,9781079911838,64,3869.28
2025-10-28,2025,10,馆配,9783542784980,50,3626.62
2025-10-28,2025,10,馆配,9782411824493,51,3775.27
2025-10-28,2025,10,馆配,9787401640052,38,2721.18
2025-10-28,2025,10,馆配,9787868011280,18,1395.63
2025-10-28,2025,10,馆配,9780450533158,22,1738.61
2025-10-28,2025,10,馆配,9783226025634,44,2520.21
2025-10-28,2025,10,馆配,9780733754330,28,2024.4
2025-10-28,2025,10,馆配,9781458685014,35,974.93
2025-10-28,2025,10,馆配,9789655698169,39,1099.8
2025-10-28,2025,10,馆配,9788835615951,45,1984.16
2025-10-28,2025,10,馆配,9786564823662,26,1065.09
2025-10-28,2025,10,馆配,9780443699577,19,679.58
2025-10-28,2025,10,馆配,9782148951343,70,3268.65
2025-10-28,2025,10,馆配,9783791769367,33,1138.25
2025-10-28,2025,10,馆配,9781632870831,41,1483.99
2025-10-28,2025,10,馆配,9787986872774,50,2252.62
2025-10-28,2025,10,馆配,9783471434558,61,1519.81
2025-10-28,2025,10,馆配,9782316658760,33,1268.93
2025-10-28,2025,10,馆配,9789096705466,64,3097.44
2025-10-28,2025,10,馆配,9784670656272,27,1665.16
2025-10-28,2025,10,馆配,9789016272046,69,2902.66
2025-10-28,2025,10,馆配,9786464170805,51,1987.85
2025-10-28,2025,10,馆配,9780330923271,118,5802.06
2025-10-28,2025,10,馆配,9784529912419,30,990.68
2025-10-28,2025,10,馆配,9783193149190,132,5632.11
2025-10-28,2025,10,馆配,9788506716572,17,770.36
2025-10-28,2025,10,馆配,9786945314737,22,1085.54
2025-11-27,2025,11,线上电商,9781043321819,108,5221.58
2025-11-27,2025,11,线上电商,9783890838637,99,5349.42
2025-11-27,2025,11,线上电商,9786542351161,91,4204.75
2025-11-27,2025,11,线上电商,9780781618495,200,10725.3
2025-11-27,2025,11,线上电商,9783413164752,95,4425.91
2025-11-27,2025,11,线上电商,9781928327648,152,6302.38
2025-11-27,2025,11,线上电商,9780564139537,117,5552.29
2025-11-27,2025,11,线上电商,9782388496965,120,4974.54
2025-11-27,2025,11,线上电商,9780122691669,39,2646.7
2025-11-27,2025,11,线上电商,9781845146270,87,5779.19
2025-11-27,2025,11,线上电商,9781489325288,64,4718.66
2025-11-27,2025,11,线上电商,9781543039117,106,7445.86
2025-11-27,2025,11,线上电商,9787824896383,83,5539.59
2025-11-27,2025,11,线上电商,9788713315098,21,1056.72
2025-11-27,2025,11,线上电商,9780310518347,118,5874.57
2025-11-27,2025,11,线上电商,9787631165667,110,7905.43
2025-11-27,2025,11,线上电商,9786513338726,59,2875.6
2025-11-27,2025,11,线上电商,9781781080132,137,7715.98
2025-11-27,2025,11,线上电商,9786026064746,23,1522.16
2025-11-27,2025,11,线上电商,9784309805009,78,4579.34
2025-11-27,2025,11,线上电商,9788121913619,85,5769.16
2025-11-27,2025,11,线上电商,9789985435346,56,3581.42
2025-11-27,2025,11,线上电商,9781079911838,31,2124.07
2025-11-27,2025,11,线上电商,9783542784980,48,3945.77
2025-11-27,2025,11,线上电商,9782411824493,28,2349.06
2025-11-27,2025,11,线上电商,9787401640052,16,1298.53
2025-11-27,2025,11,线上电商,9787868011280,16,1405.97
2025-11-27,2025,11,线上电商,9780450533158,65,5821.69
2025-11-27,2025,11,线上电商,9783226025634,32,2077.26
2025-11-27,2025,11,线上电商,9780733754330,87,7128.78
2025-11-27,2025,11,线上电商,9781458685014,48,1515.31
2025-11-27,2025,11,线上电商,9789655698169,56,1789.76
2025-11-27,2025,11,线上电商,9788835615951,113,5646.78
2025-11-27,2025,11,线上电商,9786564823662,148,6871.2
2025-11-27,2025,11,线上电商,9780443699577,57,2310.58
2025-11-27,2025,11,线上电商,9782148951343,45,2381.44
2025-11-27,2025,11,线上电商,9783791769367,168,6567.37
2025-11-27,2025,11,线上电商,9781632870831,153,6276.21
2025-11-27,2025,11,线上电商,9787986872774,87,4442.18
2025-11-27,2025,11,线上电商,9783471434558,113,3190.78
2025-11-27,2025,11,线上电商,9782316658760,173,7539.25
2025-11-27,2025,11,线上电商,9789096705466,131,7185.42
2025-11-27,2025,11,线上电商,9784670656272,153,10694.01
2025-11-27,2025,11,线上电商,9789016272046,51,2431.5
2025-11-27,2025,11,线上电商,9786464170805,62,2738.82
2025-11-27,2025,11,线上电商,9780330923271,244,13597.14
2025-11-27,2025,11,线上电商,9784529912419,155,5800.95
2025-11-27,2025,11,线上电商,9783193149190,69,3336.6
2025-11-27,2025,11,线上电商,9788506716572,198,10168.69
2025-11-27,2025,11,线上电商,9786945314737,26,1453.96
2025-11-27,2025,11,线下书店,9781043321819,58,3134.09
2025-11-27,2025,11,线下书店,9783890838637,49,2959.18
2025-11-27,2025,11,线下书店,9786542351161,29,1497.62
2025-11-27,2025,11,线下书店,9780781618495,112,6712.78
2025-11-27,2025,11,线下书店,9783413164752,45,2343.13
2025-11-27,2025,11,线下书店,9781928327648,16,741.46
2025-11-27,2025,11,线下书店,9780564139537,76,4030.93
2025-11-27,2025,11,线下书店,9782388496965,65,3011.55
2025-11-27,2025,11,线下书店,9780122691669,71,5385.21
2025-11-27,2025,11,线下书店,9781845146270,15,1113.64
2025-11-27,2025,11,线下书店,9781489325288,27,2224.88
2025-11-27,2025,11,线下书店,9781543039117,96,7536.77
2025-11-27,2025,11,线下书店,9787824896383,91,6788.05
2025-11-27,2025,11,线下书店,9788713315098,109,6130.16
2025-11-27,2025,11,线下书店,9780310518347,84,4673.89
2025-11-27,2025,11,线下书店,9787631165667,105,8433.86
2025-11-27,2025,11,线下书店,9786513338726,30,1634.19
2025-11-27,2025,11,线下书店,9781781080132,37,2329.04
2025-11-27,2025,11,线下书店,9786026064746,79,5843.39
2025-11-27,2025,11,线下书店,9784309805009,22,1443.56
2025-11-27,2025,11,线下书店,9788121913619,38,2882.58
2025-11-27,2025,11,线下书店,9789985435346,50,3573.9
2025-11-27,2025,11,线下书店,9781079911838,15,1148.69
2025-11-27,2025,11,线下书店,9783542784980,13,1194.37
2025-11-27,2025,11,线下书店,9782411824493,90,8438.85
2025-11-27,2025,11,线下书店,9787401640052,62,5623.77
2025-11-27,2025,11,线下书店,9787868011280,35,3437.38
2025-11-27,2025,11,线下书店,9780450533158,31,3103.15
2025-11-27,2025,11,线下书店,9783226025634,31,2249.1
2025-11-27,2025,11,线下书店,9780733754330,59,5403.22
2025-11-27,2025,11,线下书店,9781458685014,136,4798.49
2025-11-27,2025,11,线下书店,9789655698169,116,4143.52
2025-11-27,2025,11,线下书店,9788835615951,111,6199.41
2025-11-27,2025,11,线下书店,9786564823662,77,3995.45
2025-11-27,2025,11,线下书店,9780443699577,42,1902.83
2025-11-27,2025,11,线下书店,9782148951343,18,1064.65
2025-11-27,2025,11,线下书店,9783791769367,117,5111.79
2025-11-27,2025,11,线下书店,9781632870831,98,4493.01
2025-11-27,2025,11,线下书店,9787986872774,33,1883.19
2025-11-27,2025,11,线下书店,9783471434558,30,946.77
2025-11-27,2025,11,线下书店,9782316658760,115,5601.25
2025-11-27,2025,11,线下书店,9789096705466,48,2942.57
2025-11-27,2025,11,线下书店,9784670656272,82,6405.72
2025-11-27,2025,11,线下书店,9789016272046,157,8365.82
2025-11-27,2025,11,线下书店,9786464170805,129,6368.92
2025-11-27,2025,11,线下书店,9780330923271,125,7785.25
2025-11-27,2025,11,线下书店,9784529912419,156,6525.25
2025-11-27,2025,11,线下书店,9783193149190,71,3837.23
2025-11-27,2025,11,线下书店,9788506716572,113,6486.09
2025-11-27,2025,11,线下书店,9786945314737,172,10750.09
2025-11-27,2025,11,馆配,9781043321819,70,2986.2
2025-11-27,2025,11,馆配,9783890838637,83,3957.23
2025-11-27,2025,11,馆配,9786542351161,45,1834.65
2025-11-27,2025,11,馆配,9780781618495,20,946.35
2025-11-27,2025,11,馆配,9783413164752,101,4151.86
2025-11-27,2025,11,馆配,9781928327648,40,1463.4
2025-11-27,2025,11,馆配,9780564139537,59,2470.48
2025-11-27,2025,11,馆配,9782388496965,55,2011.76
2025-11-27,2025,11,馆配,9780122691669,52,3113.76
2025-11-27,2025,11,馆配,9781845146270,52,3047.85
2025-11-27,2025,11,馆配,9781489325288,37,2407.03
2025-11-27,2025,11,馆配,9781543039117,62,3842.76
2025-11-27,2025,11,馆配,9787824896383,41,2414.49
2025-11-27,2025,11,馆配,9788713315098,9,399.6
2025-11-27,2025,11,馆配,9780310518347,24,1054.26
2025-11-27,2025,11,馆配,9787631165667,29,1838.96
2025-11-27,2025,11,馆配,9786513338726,48,2064.24
2025-11-27,2025,11,馆配,9781781080132,47,2335.66
2025-11-27,2025,11,馆配,9786026064746,52,3036.54
2025-11-27,2025,11,馆配,9784309805009,39,2020.3
2025-11-27,2025,11,馆配,9788121913619,25,1497.19
2025-11-27,2025,11,馆配,9789985435346,28,1580.04
2025-11-27,2025,11,馆配,9781079911838,21,1269.61
2025-11-27,2025,11,馆配,9783542784980,48,3481.56
2025-11-27,2025,11,馆配,9782411824493,18,1332.45
2025-11-27,2025,11,馆配,9787401640052,27,1933.47
2025-11-27,2025,11,馆配,9787868011280,13,1007.96
2025-11-27,2025,11,馆配,9780450533158,11,869.3
2025-11-27,2025,11,馆配,9783226025634,39,2233.82
2025-11-27,2025,11,馆配,9780733754330,55,3976.5
2025-11-27,2025,11,馆配,9781458685014,33,919.22
2025-11-27,2025,11,馆配,9789655698169,18,507.6
2025-11-27,2025,11,馆配,9788835615951,103,4541.53
2025-11-27,2025,11,馆配,9786564823662,53,2171.14
2025-11-27,2025,11,馆配,9780443699577,38,1359.16
2025-11-27,2025,11,馆配,9782148951343,31,1447.55
2025-11-27,2025,11,馆配,9783791769367,61,2104.04
2025-11-27,2025,11,馆配,9781632870831,77,2787.01
2025-11-27,2025,11,馆配,9787986872774,66,2973.47
2025-11-27,2025,11,馆配,9783471434558,28,697.62
2025-11-27,2025,11,馆配,9782316658760,81,3114.65
2025-11-27,2025,11,馆配,9789096705466,26,1258.34
2025-11-27,2025,11,馆配,9784670656272,124,7647.39
2025-11-27,2025,11,馆配,9789016272046,58,2439.91
2025-11-27,2025,11,馆配,9786464170805,32,1247.28
2025-11-27,2025,11,馆配,9780330923271,122,5998.74
2025-11-27,2025,11,馆配,9784529912419,69,2278.55
2025-11-27,2025,11,馆配,9783193149190,63,2688.05
2025-11-27,2025,11,馆配,9788506716572,91,4123.66
2025-11-27,2025,11,馆配,9786945314737,13,641.45
